[2025-11-09 09:05:10] [SetupDesktopDevice] OpenQA.Selenium.WebDriverException: An unknown exception was encountered sending an HTTP request to the remote WebDriver server for URL http://localhost:50442/session/d844099620e74a104e59f7cea33a2701/goog/cdp/execute. The exception message was: An error occurred while sending the request.
 ---> System.Net.Http.HttpRequestException: An error occurred while sending the request.
 ---> System.IO.IOException: Unable to read data from the transport connection: An existing connection was forcibly closed by the remote host..
 ---> System.Net.Sockets.SocketException (10054): An existing connection was forcibly closed by the remote host.
   --- End of inner exception stack trace ---
   at System.Net.Sockets.Socket.AwaitableSocketAsyncEventArgs.ThrowException(SocketError error, CancellationToken cancellationToken)
   at System.Net.Sockets.Socket.AwaitableSocketAsyncEventArgs.System.Threading.Tasks.Sources.IValueTaskSource<System.Int32>.GetResult(Int16 token)
   at System.Net.Http.HttpConnection.InitialFillAsync(Boolean async)
   at System.Net.Http.HttpConnection.SendAsync(HttpRequestMessage request, Boolean async, CancellationToken cancellationToken)
   --- End of inner exception stack trace ---
   at System.Net.Http.HttpConnection.SendAsync(HttpRequestMessage request, Boolean async, CancellationToken cancellationToken)
   at System.Net.Http.HttpConnectionPool.SendWithVersionDetectionAndRetryAsync(HttpRequestMessage request, Boolean async, Boolean doRequestAuth, CancellationToken cancellationToken)
   at System.Net.Http.RedirectHandler.SendAsync(HttpRequestMessage request, Boolean async, CancellationToken cancellationToken)
   at System.Net.Http.HttpClient.<SendAsync>g__Core|83_0(HttpRequestMessage request, HttpCompletionOption completionOption, CancellationTokenSource cts, Boolean disposeCts, CancellationTokenSource pendingRequestsCts, CancellationToken originalCancellationToken)
   at OpenQA.Selenium.Remote.HttpCommandExecutor.MakeHttpRequest(HttpRequestInfo requestInfo)
   at OpenQA.Selenium.Remote.HttpCommandExecutor.<>c__DisplayClass32_0.<<Execute>b__0>d.MoveNext()
--- End of stack trace from previous location ---
   at OpenQA.Selenium.Remote.HttpCommandExecutor.Execute(Command commandToExecute)
   --- End of inner exception stack trace ---
   at OpenQA.Selenium.Remote.HttpCommandExecutor.Execute(Command commandToExecute)
   at OpenQA.Selenium.Remote.DriverServiceCommandExecutor.Execute(Command commandToExecute)
   at OpenQA.Selenium.WebDriver.Execute(String driverCommandToExecute, Dictionary`2 parameters)
   at OpenQA.Selenium.Chromium.ChromiumDriver.ExecuteCdpCommand(String commandName, Dictionary`2 commandParameters)
   at ConsummerScreenPageBot.Program.SetupDesktopDevice(IWebDriver driver) in F:\PROJECT\CAPTURE_FULL_PAGE_C#_SELELIUM\CONSUM_SCREEN_PAGE_BY_SE_C__GIT\CONSUMMER_Capture_FullPage_By_Selelium_C-\ConsummerScreenPageBot\Program.cs:line 445
[2025-11-09 09:06:22] [ProcessDevice] 1 - https://tuoitre.vn/ => OpenQA.Selenium.WebDriverException: An unknown exception was encountered sending an HTTP request to the remote WebDriver server for URL http://localhost:50442/session/d844099620e74a104e59f7cea33a2701/url. The exception message was: No connection could be made because the target machine actively refused it. (localhost:50442)
 ---> System.Net.Http.HttpRequestException: No connection could be made because the target machine actively refused it. (localhost:50442)
 ---> System.Net.Sockets.SocketException (10061): No connection could be made because the target machine actively refused it.
   at System.Net.Sockets.Socket.AwaitableSocketAsyncEventArgs.ThrowException(SocketError error, CancellationToken cancellationToken)
   at System.Net.Sockets.Socket.AwaitableSocketAsyncEventArgs.System.Threading.Tasks.Sources.IValueTaskSource.GetResult(Int16 token)
   at System.Net.Sockets.Socket.<ConnectAsync>g__WaitForConnectWithCancellation|285_0(AwaitableSocketAsyncEventArgs saea, ValueTask connectTask, CancellationToken cancellationToken)
   at System.Net.Http.HttpConnectionPool.ConnectToTcpHostAsync(String host, Int32 port, HttpRequestMessage initialRequest, Boolean async, CancellationToken cancellationToken)
   --- End of inner exception stack trace ---
   at System.Net.Http.HttpConnectionPool.ConnectToTcpHostAsync(String host, Int32 port, HttpRequestMessage initialRequest, Boolean async, CancellationToken cancellationToken)
   at System.Net.Http.HttpConnectionPool.ConnectAsync(HttpRequestMessage request, Boolean async, CancellationToken cancellationToken)
   at System.Net.Http.HttpConnectionPool.CreateHttp11ConnectionAsync(HttpRequestMessage request, Boolean async, CancellationToken cancellationToken)
   at System.Net.Http.HttpConnectionPool.AddHttp11ConnectionAsync(QueueItem queueItem)
   at System.Threading.Tasks.TaskCompletionSourceWithCancellation`1.WaitWithCancellationAsync(CancellationToken cancellationToken)
   at System.Net.Http.HttpConnectionPool.SendWithVersionDetectionAndRetryAsync(HttpRequestMessage request, Boolean async, Boolean doRequestAuth, CancellationToken cancellationToken)
   at System.Net.Http.RedirectHandler.SendAsync(HttpRequestMessage request, Boolean async, CancellationToken cancellationToken)
   at System.Net.Http.HttpClient.<SendAsync>g__Core|83_0(HttpRequestMessage request, HttpCompletionOption completionOption, CancellationTokenSource cts, Boolean disposeCts, CancellationTokenSource pendingRequestsCts, CancellationToken originalCancellationToken)
   at OpenQA.Selenium.Remote.HttpCommandExecutor.MakeHttpRequest(HttpRequestInfo requestInfo)
   at OpenQA.Selenium.Remote.HttpCommandExecutor.<>c__DisplayClass32_0.<<Execute>b__0>d.MoveNext()
--- End of stack trace from previous location ---
   at OpenQA.Selenium.Remote.HttpCommandExecutor.Execute(Command commandToExecute)
   --- End of inner exception stack trace ---
   at OpenQA.Selenium.Remote.HttpCommandExecutor.Execute(Command commandToExecute)
   at OpenQA.Selenium.Remote.DriverServiceCommandExecutor.Execute(Command commandToExecute)
   at OpenQA.Selenium.WebDriver.Execute(String driverCommandToExecute, Dictionary`2 parameters)
   at OpenQA.Selenium.WebDriver.get_Url()
   at ConsummerScreenPageBot.Program.TryNavigate(IWebDriver driver, String url, TimeSpan timeout, String& failureReason) in F:\PROJECT\CAPTURE_FULL_PAGE_C#_SELELIUM\CONSUM_SCREEN_PAGE_BY_SE_C__GIT\CONSUMMER_Capture_FullPage_By_Selelium_C-\ConsummerScreenPageBot\Program.cs:line 2091
   at ConsummerScreenPageBot.Program.<>c__DisplayClass18_1.<Main>b__0(Object sender, BasicDeliverEventArgs ea) in F:\PROJECT\CAPTURE_FULL_PAGE_C#_SELELIUM\CONSUM_SCREEN_PAGE_BY_SE_C__GIT\CONSUMMER_Capture_FullPage_By_Selelium_C-\ConsummerScreenPageBot\Program.cs:line 292
[2025-11-09 09:06:27] [SetupDesktopDevice] OpenQA.Selenium.WebDriverException: An unknown exception was encountered sending an HTTP request to the remote WebDriver server for URL http://localhost:50442/session/d844099620e74a104e59f7cea33a2701/goog/cdp/execute. The exception message was: No connection could be made because the target machine actively refused it. (localhost:50442)
 ---> System.Net.Http.HttpRequestException: No connection could be made because the target machine actively refused it. (localhost:50442)
 ---> System.Net.Sockets.SocketException (10061): No connection could be made because the target machine actively refused it.
   at System.Net.Sockets.Socket.AwaitableSocketAsyncEventArgs.ThrowException(SocketError error, CancellationToken cancellationToken)
   at System.Net.Sockets.Socket.AwaitableSocketAsyncEventArgs.System.Threading.Tasks.Sources.IValueTaskSource.GetResult(Int16 token)
   at System.Net.Sockets.Socket.<ConnectAsync>g__WaitForConnectWithCancellation|285_0(AwaitableSocketAsyncEventArgs saea, ValueTask connectTask, CancellationToken cancellationToken)
   at System.Net.Http.HttpConnectionPool.ConnectToTcpHostAsync(String host, Int32 port, HttpRequestMessage initialRequest, Boolean async, CancellationToken cancellationToken)
   --- End of inner exception stack trace ---
   at System.Net.Http.HttpConnectionPool.ConnectToTcpHostAsync(String host, Int32 port, HttpRequestMessage initialRequest, Boolean async, CancellationToken cancellationToken)
   at System.Net.Http.HttpConnectionPool.ConnectAsync(HttpRequestMessage request, Boolean async, CancellationToken cancellationToken)
   at System.Net.Http.HttpConnectionPool.CreateHttp11ConnectionAsync(HttpRequestMessage request, Boolean async, CancellationToken cancellationToken)
   at System.Net.Http.HttpConnectionPool.AddHttp11ConnectionAsync(QueueItem queueItem)
   at System.Threading.Tasks.TaskCompletionSourceWithCancellation`1.WaitWithCancellationAsync(CancellationToken cancellationToken)
   at System.Net.Http.HttpConnectionPool.SendWithVersionDetectionAndRetryAsync(HttpRequestMessage request, Boolean async, Boolean doRequestAuth, CancellationToken cancellationToken)
   at System.Net.Http.RedirectHandler.SendAsync(HttpRequestMessage request, Boolean async, CancellationToken cancellationToken)
   at System.Net.Http.HttpClient.<SendAsync>g__Core|83_0(HttpRequestMessage request, HttpCompletionOption completionOption, CancellationTokenSource cts, Boolean disposeCts, CancellationTokenSource pendingRequestsCts, CancellationToken originalCancellationToken)
   at OpenQA.Selenium.Remote.HttpCommandExecutor.MakeHttpRequest(HttpRequestInfo requestInfo)
   at OpenQA.Selenium.Remote.HttpCommandExecutor.<>c__DisplayClass32_0.<<Execute>b__0>d.MoveNext()
--- End of stack trace from previous location ---
   at OpenQA.Selenium.Remote.HttpCommandExecutor.Execute(Command commandToExecute)
   --- End of inner exception stack trace ---
   at OpenQA.Selenium.Remote.HttpCommandExecutor.Execute(Command commandToExecute)
   at OpenQA.Selenium.Remote.DriverServiceCommandExecutor.Execute(Command commandToExecute)
   at OpenQA.Selenium.WebDriver.Execute(String driverCommandToExecute, Dictionary`2 parameters)
   at OpenQA.Selenium.Chromium.ChromiumDriver.ExecuteCdpCommand(String commandName, Dictionary`2 commandParameters)
   at ConsummerScreenPageBot.Program.SetupDesktopDevice(IWebDriver driver) in F:\PROJECT\CAPTURE_FULL_PAGE_C#_SELELIUM\CONSUM_SCREEN_PAGE_BY_SE_C__GIT\CONSUMMER_Capture_FullPage_By_Selelium_C-\ConsummerScreenPageBot\Program.cs:line 445
[2025-11-09 09:07:39] [ProcessDevice] 1 - https://tienphong.vn/ => OpenQA.Selenium.WebDriverException: An unknown exception was encountered sending an HTTP request to the remote WebDriver server for URL http://localhost:50442/session/d844099620e74a104e59f7cea33a2701/url. The exception message was: No connection could be made because the target machine actively refused it. (localhost:50442)
 ---> System.Net.Http.HttpRequestException: No connection could be made because the target machine actively refused it. (localhost:50442)
 ---> System.Net.Sockets.SocketException (10061): No connection could be made because the target machine actively refused it.
   at System.Net.Sockets.Socket.AwaitableSocketAsyncEventArgs.ThrowException(SocketError error, CancellationToken cancellationToken)
   at System.Net.Sockets.Socket.AwaitableSocketAsyncEventArgs.System.Threading.Tasks.Sources.IValueTaskSource.GetResult(Int16 token)
   at System.Net.Sockets.Socket.<ConnectAsync>g__WaitForConnectWithCancellation|285_0(AwaitableSocketAsyncEventArgs saea, ValueTask connectTask, CancellationToken cancellationToken)
   at System.Net.Http.HttpConnectionPool.ConnectToTcpHostAsync(String host, Int32 port, HttpRequestMessage initialRequest, Boolean async, CancellationToken cancellationToken)
   --- End of inner exception stack trace ---
   at System.Net.Http.HttpConnectionPool.ConnectToTcpHostAsync(String host, Int32 port, HttpRequestMessage initialRequest, Boolean async, CancellationToken cancellationToken)
   at System.Net.Http.HttpConnectionPool.ConnectAsync(HttpRequestMessage request, Boolean async, CancellationToken cancellationToken)
   at System.Net.Http.HttpConnectionPool.CreateHttp11ConnectionAsync(HttpRequestMessage request, Boolean async, CancellationToken cancellationToken)
   at System.Net.Http.HttpConnectionPool.AddHttp11ConnectionAsync(QueueItem queueItem)
   at System.Threading.Tasks.TaskCompletionSourceWithCancellation`1.WaitWithCancellationAsync(CancellationToken cancellationToken)
   at System.Net.Http.HttpConnectionPool.SendWithVersionDetectionAndRetryAsync(HttpRequestMessage request, Boolean async, Boolean doRequestAuth, CancellationToken cancellationToken)
   at System.Net.Http.RedirectHandler.SendAsync(HttpRequestMessage request, Boolean async, CancellationToken cancellationToken)
   at System.Net.Http.HttpClient.<SendAsync>g__Core|83_0(HttpRequestMessage request, HttpCompletionOption completionOption, CancellationTokenSource cts, Boolean disposeCts, CancellationTokenSource pendingRequestsCts, CancellationToken originalCancellationToken)
   at OpenQA.Selenium.Remote.HttpCommandExecutor.MakeHttpRequest(HttpRequestInfo requestInfo)
   at OpenQA.Selenium.Remote.HttpCommandExecutor.<>c__DisplayClass32_0.<<Execute>b__0>d.MoveNext()
--- End of stack trace from previous location ---
   at OpenQA.Selenium.Remote.HttpCommandExecutor.Execute(Command commandToExecute)
   --- End of inner exception stack trace ---
   at OpenQA.Selenium.Remote.HttpCommandExecutor.Execute(Command commandToExecute)
   at OpenQA.Selenium.Remote.DriverServiceCommandExecutor.Execute(Command commandToExecute)
   at OpenQA.Selenium.WebDriver.Execute(String driverCommandToExecute, Dictionary`2 parameters)
   at OpenQA.Selenium.WebDriver.get_Url()
   at ConsummerScreenPageBot.Program.TryNavigate(IWebDriver driver, String url, TimeSpan timeout, String& failureReason) in F:\PROJECT\CAPTURE_FULL_PAGE_C#_SELELIUM\CONSUM_SCREEN_PAGE_BY_SE_C__GIT\CONSUMMER_Capture_FullPage_By_Selelium_C-\ConsummerScreenPageBot\Program.cs:line 2091
   at ConsummerScreenPageBot.Program.<>c__DisplayClass18_1.<Main>b__0(Object sender, BasicDeliverEventArgs ea) in F:\PROJECT\CAPTURE_FULL_PAGE_C#_SELELIUM\CONSUM_SCREEN_PAGE_BY_SE_C__GIT\CONSUMMER_Capture_FullPage_By_Selelium_C-\ConsummerScreenPageBot\Program.cs:line 292
[2025-11-09 09:07:44] [SetupDesktopDevice] OpenQA.Selenium.WebDriverException: An unknown exception was encountered sending an HTTP request to the remote WebDriver server for URL http://localhost:50442/session/d844099620e74a104e59f7cea33a2701/goog/cdp/execute. The exception message was: No connection could be made because the target machine actively refused it. (localhost:50442)
 ---> System.Net.Http.HttpRequestException: No connection could be made because the target machine actively refused it. (localhost:50442)
 ---> System.Net.Sockets.SocketException (10061): No connection could be made because the target machine actively refused it.
   at System.Net.Sockets.Socket.AwaitableSocketAsyncEventArgs.ThrowException(SocketError error, CancellationToken cancellationToken)
   at System.Net.Sockets.Socket.AwaitableSocketAsyncEventArgs.System.Threading.Tasks.Sources.IValueTaskSource.GetResult(Int16 token)
   at System.Net.Sockets.Socket.<ConnectAsync>g__WaitForConnectWithCancellation|285_0(AwaitableSocketAsyncEventArgs saea, ValueTask connectTask, CancellationToken cancellationToken)
   at System.Net.Http.HttpConnectionPool.ConnectToTcpHostAsync(String host, Int32 port, HttpRequestMessage initialRequest, Boolean async, CancellationToken cancellationToken)
   --- End of inner exception stack trace ---
   at System.Net.Http.HttpConnectionPool.ConnectToTcpHostAsync(String host, Int32 port, HttpRequestMessage initialRequest, Boolean async, CancellationToken cancellationToken)
   at System.Net.Http.HttpConnectionPool.ConnectAsync(HttpRequestMessage request, Boolean async, CancellationToken cancellationToken)
   at System.Net.Http.HttpConnectionPool.CreateHttp11ConnectionAsync(HttpRequestMessage request, Boolean async, CancellationToken cancellationToken)
   at System.Net.Http.HttpConnectionPool.AddHttp11ConnectionAsync(QueueItem queueItem)
   at System.Threading.Tasks.TaskCompletionSourceWithCancellation`1.WaitWithCancellationAsync(CancellationToken cancellationToken)
   at System.Net.Http.HttpConnectionPool.SendWithVersionDetectionAndRetryAsync(HttpRequestMessage request, Boolean async, Boolean doRequestAuth, CancellationToken cancellationToken)
   at System.Net.Http.RedirectHandler.SendAsync(HttpRequestMessage request, Boolean async, CancellationToken cancellationToken)
   at System.Net.Http.HttpClient.<SendAsync>g__Core|83_0(HttpRequestMessage request, HttpCompletionOption completionOption, CancellationTokenSource cts, Boolean disposeCts, CancellationTokenSource pendingRequestsCts, CancellationToken originalCancellationToken)
   at OpenQA.Selenium.Remote.HttpCommandExecutor.MakeHttpRequest(HttpRequestInfo requestInfo)
   at OpenQA.Selenium.Remote.HttpCommandExecutor.<>c__DisplayClass32_0.<<Execute>b__0>d.MoveNext()
--- End of stack trace from previous location ---
   at OpenQA.Selenium.Remote.HttpCommandExecutor.Execute(Command commandToExecute)
   --- End of inner exception stack trace ---
   at OpenQA.Selenium.Remote.HttpCommandExecutor.Execute(Command commandToExecute)
   at OpenQA.Selenium.Remote.DriverServiceCommandExecutor.Execute(Command commandToExecute)
   at OpenQA.Selenium.WebDriver.Execute(String driverCommandToExecute, Dictionary`2 parameters)
   at OpenQA.Selenium.Chromium.ChromiumDriver.ExecuteCdpCommand(String commandName, Dictionary`2 commandParameters)
   at ConsummerScreenPageBot.Program.SetupDesktopDevice(IWebDriver driver) in F:\PROJECT\CAPTURE_FULL_PAGE_C#_SELELIUM\CONSUM_SCREEN_PAGE_BY_SE_C__GIT\CONSUMMER_Capture_FullPage_By_Selelium_C-\ConsummerScreenPageBot\Program.cs:line 445
[2025-11-09 20:00:14] [SetupDesktopDevice] OpenQA.Selenium.WebDriverException: An unknown exception was encountered sending an HTTP request to the remote WebDriver server for URL http://localhost:61449/session/132a1ecb420f6305e8467d516c59ccd4/goog/cdp/execute. The exception message was: An error occurred while sending the request.
 ---> System.Net.Http.HttpRequestException: An error occurred while sending the request.
 ---> System.IO.IOException: Unable to read data from the transport connection: An existing connection was forcibly closed by the remote host..
 ---> System.Net.Sockets.SocketException (10054): An existing connection was forcibly closed by the remote host.
   --- End of inner exception stack trace ---
   at System.Net.Sockets.Socket.AwaitableSocketAsyncEventArgs.ThrowException(SocketError error, CancellationToken cancellationToken)
   at System.Net.Sockets.Socket.AwaitableSocketAsyncEventArgs.System.Threading.Tasks.Sources.IValueTaskSource<System.Int32>.GetResult(Int16 token)
   at System.Net.Http.HttpConnection.InitialFillAsync(Boolean async)
   at System.Net.Http.HttpConnection.SendAsync(HttpRequestMessage request, Boolean async, CancellationToken cancellationToken)
   --- End of inner exception stack trace ---
   at System.Net.Http.HttpConnection.SendAsync(HttpRequestMessage request, Boolean async, CancellationToken cancellationToken)
   at System.Net.Http.HttpConnectionPool.SendWithVersionDetectionAndRetryAsync(HttpRequestMessage request, Boolean async, Boolean doRequestAuth, CancellationToken cancellationToken)
   at System.Net.Http.RedirectHandler.SendAsync(HttpRequestMessage request, Boolean async, CancellationToken cancellationToken)
   at System.Net.Http.HttpClient.<SendAsync>g__Core|83_0(HttpRequestMessage request, HttpCompletionOption completionOption, CancellationTokenSource cts, Boolean disposeCts, CancellationTokenSource pendingRequestsCts, CancellationToken originalCancellationToken)
   at OpenQA.Selenium.Remote.HttpCommandExecutor.MakeHttpRequest(HttpRequestInfo requestInfo)
   at OpenQA.Selenium.Remote.HttpCommandExecutor.<>c__DisplayClass32_0.<<Execute>b__0>d.MoveNext()
--- End of stack trace from previous location ---
   at OpenQA.Selenium.Remote.HttpCommandExecutor.Execute(Command commandToExecute)
   --- End of inner exception stack trace ---
   at OpenQA.Selenium.Remote.HttpCommandExecutor.Execute(Command commandToExecute)
   at OpenQA.Selenium.Remote.DriverServiceCommandExecutor.Execute(Command commandToExecute)
   at OpenQA.Selenium.WebDriver.Execute(String driverCommandToExecute, Dictionary`2 parameters)
   at OpenQA.Selenium.Chromium.ChromiumDriver.ExecuteCdpCommand(String commandName, Dictionary`2 commandParameters)
   at ConsummerScreenPageBot.Program.SetupDesktopDevice(IWebDriver driver) in F:\PROJECT\CAPTURE_FULL_PAGE_C#_SELELIUM\CONSUM_SCREEN_PAGE_BY_SE_C__GIT\CONSUMMER_Capture_FullPage_By_Selelium_C-\ConsummerScreenPageBot\Program.cs:line 445
[2025-11-09 20:01:26] [ProcessDevice] 1 - https://tuoitre.vn/ => OpenQA.Selenium.WebDriverException: An unknown exception was encountered sending an HTTP request to the remote WebDriver server for URL http://localhost:61449/session/132a1ecb420f6305e8467d516c59ccd4/url. The exception message was: No connection could be made because the target machine actively refused it. (localhost:61449)
 ---> System.Net.Http.HttpRequestException: No connection could be made because the target machine actively refused it. (localhost:61449)
 ---> System.Net.Sockets.SocketException (10061): No connection could be made because the target machine actively refused it.
   at System.Net.Sockets.Socket.AwaitableSocketAsyncEventArgs.ThrowException(SocketError error, CancellationToken cancellationToken)
   at System.Net.Sockets.Socket.AwaitableSocketAsyncEventArgs.System.Threading.Tasks.Sources.IValueTaskSource.GetResult(Int16 token)
   at System.Net.Sockets.Socket.<ConnectAsync>g__WaitForConnectWithCancellation|285_0(AwaitableSocketAsyncEventArgs saea, ValueTask connectTask, CancellationToken cancellationToken)
   at System.Net.Http.HttpConnectionPool.ConnectToTcpHostAsync(String host, Int32 port, HttpRequestMessage initialRequest, Boolean async, CancellationToken cancellationToken)
   --- End of inner exception stack trace ---
   at System.Net.Http.HttpConnectionPool.ConnectToTcpHostAsync(String host, Int32 port, HttpRequestMessage initialRequest, Boolean async, CancellationToken cancellationToken)
   at System.Net.Http.HttpConnectionPool.ConnectAsync(HttpRequestMessage request, Boolean async, CancellationToken cancellationToken)
   at System.Net.Http.HttpConnectionPool.CreateHttp11ConnectionAsync(HttpRequestMessage request, Boolean async, CancellationToken cancellationToken)
   at System.Net.Http.HttpConnectionPool.AddHttp11ConnectionAsync(QueueItem queueItem)
   at System.Threading.Tasks.TaskCompletionSourceWithCancellation`1.WaitWithCancellationAsync(CancellationToken cancellationToken)
   at System.Net.Http.HttpConnectionPool.SendWithVersionDetectionAndRetryAsync(HttpRequestMessage request, Boolean async, Boolean doRequestAuth, CancellationToken cancellationToken)
   at System.Net.Http.RedirectHandler.SendAsync(HttpRequestMessage request, Boolean async, CancellationToken cancellationToken)
   at System.Net.Http.HttpClient.<SendAsync>g__Core|83_0(HttpRequestMessage request, HttpCompletionOption completionOption, CancellationTokenSource cts, Boolean disposeCts, CancellationTokenSource pendingRequestsCts, CancellationToken originalCancellationToken)
   at OpenQA.Selenium.Remote.HttpCommandExecutor.MakeHttpRequest(HttpRequestInfo requestInfo)
   at OpenQA.Selenium.Remote.HttpCommandExecutor.<>c__DisplayClass32_0.<<Execute>b__0>d.MoveNext()
--- End of stack trace from previous location ---
   at OpenQA.Selenium.Remote.HttpCommandExecutor.Execute(Command commandToExecute)
   --- End of inner exception stack trace ---
   at OpenQA.Selenium.Remote.HttpCommandExecutor.Execute(Command commandToExecute)
   at OpenQA.Selenium.Remote.DriverServiceCommandExecutor.Execute(Command commandToExecute)
   at OpenQA.Selenium.WebDriver.Execute(String driverCommandToExecute, Dictionary`2 parameters)
   at OpenQA.Selenium.WebDriver.get_Url()
   at ConsummerScreenPageBot.Program.TryNavigate(IWebDriver driver, String url, TimeSpan timeout, String& failureReason) in F:\PROJECT\CAPTURE_FULL_PAGE_C#_SELELIUM\CONSUM_SCREEN_PAGE_BY_SE_C__GIT\CONSUMMER_Capture_FullPage_By_Selelium_C-\ConsummerScreenPageBot\Program.cs:line 2091
   at ConsummerScreenPageBot.Program.<>c__DisplayClass18_1.<Main>b__0(Object sender, BasicDeliverEventArgs ea) in F:\PROJECT\CAPTURE_FULL_PAGE_C#_SELELIUM\CONSUM_SCREEN_PAGE_BY_SE_C__GIT\CONSUMMER_Capture_FullPage_By_Selelium_C-\ConsummerScreenPageBot\Program.cs:line 292
[2025-11-09 20:01:32] [SetupDesktopDevice] OpenQA.Selenium.WebDriverException: An unknown exception was encountered sending an HTTP request to the remote WebDriver server for URL http://localhost:61449/session/132a1ecb420f6305e8467d516c59ccd4/goog/cdp/execute. The exception message was: No connection could be made because the target machine actively refused it. (localhost:61449)
 ---> System.Net.Http.HttpRequestException: No connection could be made because the target machine actively refused it. (localhost:61449)
 ---> System.Net.Sockets.SocketException (10061): No connection could be made because the target machine actively refused it.
   at System.Net.Sockets.Socket.AwaitableSocketAsyncEventArgs.ThrowException(SocketError error, CancellationToken cancellationToken)
   at System.Net.Sockets.Socket.AwaitableSocketAsyncEventArgs.System.Threading.Tasks.Sources.IValueTaskSource.GetResult(Int16 token)
   at System.Net.Sockets.Socket.<ConnectAsync>g__WaitForConnectWithCancellation|285_0(AwaitableSocketAsyncEventArgs saea, ValueTask connectTask, CancellationToken cancellationToken)
   at System.Net.Http.HttpConnectionPool.ConnectToTcpHostAsync(String host, Int32 port, HttpRequestMessage initialRequest, Boolean async, CancellationToken cancellationToken)
   --- End of inner exception stack trace ---
   at System.Net.Http.HttpConnectionPool.ConnectToTcpHostAsync(String host, Int32 port, HttpRequestMessage initialRequest, Boolean async, CancellationToken cancellationToken)
   at System.Net.Http.HttpConnectionPool.ConnectAsync(HttpRequestMessage request, Boolean async, CancellationToken cancellationToken)
   at System.Net.Http.HttpConnectionPool.CreateHttp11ConnectionAsync(HttpRequestMessage request, Boolean async, CancellationToken cancellationToken)
   at System.Net.Http.HttpConnectionPool.AddHttp11ConnectionAsync(QueueItem queueItem)
   at System.Threading.Tasks.TaskCompletionSourceWithCancellation`1.WaitWithCancellationAsync(CancellationToken cancellationToken)
   at System.Net.Http.HttpConnectionPool.SendWithVersionDetectionAndRetryAsync(HttpRequestMessage request, Boolean async, Boolean doRequestAuth, CancellationToken cancellationToken)
   at System.Net.Http.RedirectHandler.SendAsync(HttpRequestMessage request, Boolean async, CancellationToken cancellationToken)
   at System.Net.Http.HttpClient.<SendAsync>g__Core|83_0(HttpRequestMessage request, HttpCompletionOption completionOption, CancellationTokenSource cts, Boolean disposeCts, CancellationTokenSource pendingRequestsCts, CancellationToken originalCancellationToken)
   at OpenQA.Selenium.Remote.HttpCommandExecutor.MakeHttpRequest(HttpRequestInfo requestInfo)
   at OpenQA.Selenium.Remote.HttpCommandExecutor.<>c__DisplayClass32_0.<<Execute>b__0>d.MoveNext()
--- End of stack trace from previous location ---
   at OpenQA.Selenium.Remote.HttpCommandExecutor.Execute(Command commandToExecute)
   --- End of inner exception stack trace ---
   at OpenQA.Selenium.Remote.HttpCommandExecutor.Execute(Command commandToExecute)
   at OpenQA.Selenium.Remote.DriverServiceCommandExecutor.Execute(Command commandToExecute)
   at OpenQA.Selenium.WebDriver.Execute(String driverCommandToExecute, Dictionary`2 parameters)
   at OpenQA.Selenium.Chromium.ChromiumDriver.ExecuteCdpCommand(String commandName, Dictionary`2 commandParameters)
   at ConsummerScreenPageBot.Program.SetupDesktopDevice(IWebDriver driver) in F:\PROJECT\CAPTURE_FULL_PAGE_C#_SELELIUM\CONSUM_SCREEN_PAGE_BY_SE_C__GIT\CONSUMMER_Capture_FullPage_By_Selelium_C-\ConsummerScreenPageBot\Program.cs:line 445
[2025-11-09 20:02:44] [ProcessDevice] 1 - https://tienphong.vn/ => OpenQA.Selenium.WebDriverException: An unknown exception was encountered sending an HTTP request to the remote WebDriver server for URL http://localhost:61449/session/132a1ecb420f6305e8467d516c59ccd4/url. The exception message was: No connection could be made because the target machine actively refused it. (localhost:61449)
 ---> System.Net.Http.HttpRequestException: No connection could be made because the target machine actively refused it. (localhost:61449)
 ---> System.Net.Sockets.SocketException (10061): No connection could be made because the target machine actively refused it.
   at System.Net.Sockets.Socket.AwaitableSocketAsyncEventArgs.ThrowException(SocketError error, CancellationToken cancellationToken)
   at System.Net.Sockets.Socket.AwaitableSocketAsyncEventArgs.System.Threading.Tasks.Sources.IValueTaskSource.GetResult(Int16 token)
   at System.Net.Sockets.Socket.<ConnectAsync>g__WaitForConnectWithCancellation|285_0(AwaitableSocketAsyncEventArgs saea, ValueTask connectTask, CancellationToken cancellationToken)
   at System.Net.Http.HttpConnectionPool.ConnectToTcpHostAsync(String host, Int32 port, HttpRequestMessage initialRequest, Boolean async, CancellationToken cancellationToken)
   --- End of inner exception stack trace ---
   at System.Net.Http.HttpConnectionPool.ConnectToTcpHostAsync(String host, Int32 port, HttpRequestMessage initialRequest, Boolean async, CancellationToken cancellationToken)
   at System.Net.Http.HttpConnectionPool.ConnectAsync(HttpRequestMessage request, Boolean async, CancellationToken cancellationToken)
   at System.Net.Http.HttpConnectionPool.CreateHttp11ConnectionAsync(HttpRequestMessage request, Boolean async, CancellationToken cancellationToken)
   at System.Net.Http.HttpConnectionPool.AddHttp11ConnectionAsync(QueueItem queueItem)
   at System.Threading.Tasks.TaskCompletionSourceWithCancellation`1.WaitWithCancellationAsync(CancellationToken cancellationToken)
   at System.Net.Http.HttpConnectionPool.SendWithVersionDetectionAndRetryAsync(HttpRequestMessage request, Boolean async, Boolean doRequestAuth, CancellationToken cancellationToken)
   at System.Net.Http.RedirectHandler.SendAsync(HttpRequestMessage request, Boolean async, CancellationToken cancellationToken)
   at System.Net.Http.HttpClient.<SendAsync>g__Core|83_0(HttpRequestMessage request, HttpCompletionOption completionOption, CancellationTokenSource cts, Boolean disposeCts, CancellationTokenSource pendingRequestsCts, CancellationToken originalCancellationToken)
   at OpenQA.Selenium.Remote.HttpCommandExecutor.MakeHttpRequest(HttpRequestInfo requestInfo)
   at OpenQA.Selenium.Remote.HttpCommandExecutor.<>c__DisplayClass32_0.<<Execute>b__0>d.MoveNext()
--- End of stack trace from previous location ---
   at OpenQA.Selenium.Remote.HttpCommandExecutor.Execute(Command commandToExecute)
   --- End of inner exception stack trace ---
   at OpenQA.Selenium.Remote.HttpCommandExecutor.Execute(Command commandToExecute)
   at OpenQA.Selenium.Remote.DriverServiceCommandExecutor.Execute(Command commandToExecute)
   at OpenQA.Selenium.WebDriver.Execute(String driverCommandToExecute, Dictionary`2 parameters)
   at OpenQA.Selenium.WebDriver.get_Url()
   at ConsummerScreenPageBot.Program.TryNavigate(IWebDriver driver, String url, TimeSpan timeout, String& failureReason) in F:\PROJECT\CAPTURE_FULL_PAGE_C#_SELELIUM\CONSUM_SCREEN_PAGE_BY_SE_C__GIT\CONSUMMER_Capture_FullPage_By_Selelium_C-\ConsummerScreenPageBot\Program.cs:line 2091
   at ConsummerScreenPageBot.Program.<>c__DisplayClass18_1.<Main>b__0(Object sender, BasicDeliverEventArgs ea) in F:\PROJECT\CAPTURE_FULL_PAGE_C#_SELELIUM\CONSUM_SCREEN_PAGE_BY_SE_C__GIT\CONSUMMER_Capture_FullPage_By_Selelium_C-\ConsummerScreenPageBot\Program.cs:line 292
[2025-11-09 20:02:49] [SetupDesktopDevice] OpenQA.Selenium.WebDriverException: An unknown exception was encountered sending an HTTP request to the remote WebDriver server for URL http://localhost:61449/session/132a1ecb420f6305e8467d516c59ccd4/goog/cdp/execute. The exception message was: No connection could be made because the target machine actively refused it. (localhost:61449)
 ---> System.Net.Http.HttpRequestException: No connection could be made because the target machine actively refused it. (localhost:61449)
 ---> System.Net.Sockets.SocketException (10061): No connection could be made because the target machine actively refused it.
   at System.Net.Sockets.Socket.AwaitableSocketAsyncEventArgs.ThrowException(SocketError error, CancellationToken cancellationToken)
   at System.Net.Sockets.Socket.AwaitableSocketAsyncEventArgs.System.Threading.Tasks.Sources.IValueTaskSource.GetResult(Int16 token)
   at System.Net.Sockets.Socket.<ConnectAsync>g__WaitForConnectWithCancellation|285_0(AwaitableSocketAsyncEventArgs saea, ValueTask connectTask, CancellationToken cancellationToken)
   at System.Net.Http.HttpConnectionPool.ConnectToTcpHostAsync(String host, Int32 port, HttpRequestMessage initialRequest, Boolean async, CancellationToken cancellationToken)
   --- End of inner exception stack trace ---
   at System.Net.Http.HttpConnectionPool.ConnectToTcpHostAsync(String host, Int32 port, HttpRequestMessage initialRequest, Boolean async, CancellationToken cancellationToken)
   at System.Net.Http.HttpConnectionPool.ConnectAsync(HttpRequestMessage request, Boolean async, CancellationToken cancellationToken)
   at System.Net.Http.HttpConnectionPool.CreateHttp11ConnectionAsync(HttpRequestMessage request, Boolean async, CancellationToken cancellationToken)
   at System.Net.Http.HttpConnectionPool.AddHttp11ConnectionAsync(QueueItem queueItem)
   at System.Threading.Tasks.TaskCompletionSourceWithCancellation`1.WaitWithCancellationAsync(CancellationToken cancellationToken)
   at System.Net.Http.HttpConnectionPool.SendWithVersionDetectionAndRetryAsync(HttpRequestMessage request, Boolean async, Boolean doRequestAuth, CancellationToken cancellationToken)
   at System.Net.Http.RedirectHandler.SendAsync(HttpRequestMessage request, Boolean async, CancellationToken cancellationToken)
   at System.Net.Http.HttpClient.<SendAsync>g__Core|83_0(HttpRequestMessage request, HttpCompletionOption completionOption, CancellationTokenSource cts, Boolean disposeCts, CancellationTokenSource pendingRequestsCts, CancellationToken originalCancellationToken)
   at OpenQA.Selenium.Remote.HttpCommandExecutor.MakeHttpRequest(HttpRequestInfo requestInfo)
   at OpenQA.Selenium.Remote.HttpCommandExecutor.<>c__DisplayClass32_0.<<Execute>b__0>d.MoveNext()
--- End of stack trace from previous location ---
   at OpenQA.Selenium.Remote.HttpCommandExecutor.Execute(Command commandToExecute)
   --- End of inner exception stack trace ---
   at OpenQA.Selenium.Remote.HttpCommandExecutor.Execute(Command commandToExecute)
   at OpenQA.Selenium.Remote.DriverServiceCommandExecutor.Execute(Command commandToExecute)
   at OpenQA.Selenium.WebDriver.Execute(String driverCommandToExecute, Dictionary`2 parameters)
   at OpenQA.Selenium.Chromium.ChromiumDriver.ExecuteCdpCommand(String commandName, Dictionary`2 commandParameters)
   at ConsummerScreenPageBot.Program.SetupDesktopDevice(IWebDriver driver) in F:\PROJECT\CAPTURE_FULL_PAGE_C#_SELELIUM\CONSUM_SCREEN_PAGE_BY_SE_C__GIT\CONSUMMER_Capture_FullPage_By_Selelium_C-\ConsummerScreenPageBot\Program.cs:line 445
[2025-11-09 20:04:01] [ProcessDevice] 1 - https://dantri.com.vn/ => OpenQA.Selenium.WebDriverException: An unknown exception was encountered sending an HTTP request to the remote WebDriver server for URL http://localhost:61449/session/132a1ecb420f6305e8467d516c59ccd4/url. The exception message was: No connection could be made because the target machine actively refused it. (localhost:61449)
 ---> System.Net.Http.HttpRequestException: No connection could be made because the target machine actively refused it. (localhost:61449)
 ---> System.Net.Sockets.SocketException (10061): No connection could be made because the target machine actively refused it.
   at System.Net.Sockets.Socket.AwaitableSocketAsyncEventArgs.System.Threading.Tasks.Sources.IValueTaskSource.GetResult(Int16 token)
   at System.Net.Sockets.Socket.<ConnectAsync>g__WaitForConnectWithCancellation|285_0(AwaitableSocketAsyncEventArgs saea, ValueTask connectTask, CancellationToken cancellationToken)
   at System.Net.Http.HttpConnectionPool.ConnectToTcpHostAsync(String host, Int32 port, HttpRequestMessage initialRequest, Boolean async, CancellationToken cancellationToken)
   --- End of inner exception stack trace ---
   at System.Net.Http.HttpConnectionPool.ConnectToTcpHostAsync(String host, Int32 port, HttpRequestMessage initialRequest, Boolean async, CancellationToken cancellationToken)
   at System.Net.Http.HttpConnectionPool.ConnectAsync(HttpRequestMessage request, Boolean async, CancellationToken cancellationToken)
   at System.Net.Http.HttpConnectionPool.CreateHttp11ConnectionAsync(HttpRequestMessage request, Boolean async, CancellationToken cancellationToken)
   at System.Net.Http.HttpConnectionPool.AddHttp11ConnectionAsync(QueueItem queueItem)
   at System.Threading.Tasks.TaskCompletionSourceWithCancellation`1.WaitWithCancellationAsync(CancellationToken cancellationToken)
   at System.Net.Http.HttpConnectionPool.SendWithVersionDetectionAndRetryAsync(HttpRequestMessage request, Boolean async, Boolean doRequestAuth, CancellationToken cancellationToken)
   at System.Net.Http.RedirectHandler.SendAsync(HttpRequestMessage request, Boolean async, CancellationToken cancellationToken)
   at System.Net.Http.HttpClient.<SendAsync>g__Core|83_0(HttpRequestMessage request, HttpCompletionOption completionOption, CancellationTokenSource cts, Boolean disposeCts, CancellationTokenSource pendingRequestsCts, CancellationToken originalCancellationToken)
   at OpenQA.Selenium.Remote.HttpCommandExecutor.MakeHttpRequest(HttpRequestInfo requestInfo)
   at OpenQA.Selenium.Remote.HttpCommandExecutor.<>c__DisplayClass32_0.<<Execute>b__0>d.MoveNext()
--- End of stack trace from previous location ---
   at OpenQA.Selenium.Remote.HttpCommandExecutor.Execute(Command commandToExecute)
   --- End of inner exception stack trace ---
   at OpenQA.Selenium.Remote.HttpCommandExecutor.Execute(Command commandToExecute)
   at OpenQA.Selenium.Remote.DriverServiceCommandExecutor.Execute(Command commandToExecute)
   at OpenQA.Selenium.WebDriver.Execute(String driverCommandToExecute, Dictionary`2 parameters)
   at OpenQA.Selenium.WebDriver.get_Url()
   at ConsummerScreenPageBot.Program.TryNavigate(IWebDriver driver, String url, TimeSpan timeout, String& failureReason) in F:\PROJECT\CAPTURE_FULL_PAGE_C#_SELELIUM\CONSUM_SCREEN_PAGE_BY_SE_C__GIT\CONSUMMER_Capture_FullPage_By_Selelium_C-\ConsummerScreenPageBot\Program.cs:line 2091
   at ConsummerScreenPageBot.Program.<>c__DisplayClass18_1.<Main>b__0(Object sender, BasicDeliverEventArgs ea) in F:\PROJECT\CAPTURE_FULL_PAGE_C#_SELELIUM\CONSUM_SCREEN_PAGE_BY_SE_C__GIT\CONSUMMER_Capture_FullPage_By_Selelium_C-\ConsummerScreenPageBot\Program.cs:line 292
[2025-11-09 20:04:09] [SetupDesktopDevice] OpenQA.Selenium.WebDriverException: An unknown exception was encountered sending an HTTP request to the remote WebDriver server for URL http://localhost:61449/session/132a1ecb420f6305e8467d516c59ccd4/goog/cdp/execute. The exception message was: No connection could be made because the target machine actively refused it. (localhost:61449)
 ---> System.Net.Http.HttpRequestException: No connection could be made because the target machine actively refused it. (localhost:61449)
 ---> System.Net.Sockets.SocketException (10061): No connection could be made because the target machine actively refused it.
   at System.Net.Sockets.Socket.AwaitableSocketAsyncEventArgs.System.Threading.Tasks.Sources.IValueTaskSource.GetResult(Int16 token)
   at System.Net.Sockets.Socket.<ConnectAsync>g__WaitForConnectWithCancellation|285_0(AwaitableSocketAsyncEventArgs saea, ValueTask connectTask, CancellationToken cancellationToken)
   at System.Net.Http.HttpConnectionPool.ConnectToTcpHostAsync(String host, Int32 port, HttpRequestMessage initialRequest, Boolean async, CancellationToken cancellationToken)
   --- End of inner exception stack trace ---
   at System.Net.Http.HttpConnectionPool.ConnectToTcpHostAsync(String host, Int32 port, HttpRequestMessage initialRequest, Boolean async, CancellationToken cancellationToken)
   at System.Net.Http.HttpConnectionPool.ConnectAsync(HttpRequestMessage request, Boolean async, CancellationToken cancellationToken)
   at System.Net.Http.HttpConnectionPool.CreateHttp11ConnectionAsync(HttpRequestMessage request, Boolean async, CancellationToken cancellationToken)
   at System.Net.Http.HttpConnectionPool.AddHttp11ConnectionAsync(QueueItem queueItem)
   at System.Threading.Tasks.TaskCompletionSourceWithCancellation`1.WaitWithCancellationAsync(CancellationToken cancellationToken)
   at System.Net.Http.HttpConnectionPool.SendWithVersionDetectionAndRetryAsync(HttpRequestMessage request, Boolean async, Boolean doRequestAuth, CancellationToken cancellationToken)
   at System.Net.Http.RedirectHandler.SendAsync(HttpRequestMessage request, Boolean async, CancellationToken cancellationToken)
   at System.Net.Http.HttpClient.<SendAsync>g__Core|83_0(HttpRequestMessage request, HttpCompletionOption completionOption, CancellationTokenSource cts, Boolean disposeCts, CancellationTokenSource pendingRequestsCts, CancellationToken originalCancellationToken)
   at OpenQA.Selenium.Remote.HttpCommandExecutor.MakeHttpRequest(HttpRequestInfo requestInfo)
   at OpenQA.Selenium.Remote.HttpCommandExecutor.<>c__DisplayClass32_0.<<Execute>b__0>d.MoveNext()
--- End of stack trace from previous location ---
   at OpenQA.Selenium.Remote.HttpCommandExecutor.Execute(Command commandToExecute)
   --- End of inner exception stack trace ---
   at OpenQA.Selenium.Remote.HttpCommandExecutor.Execute(Command commandToExecute)
   at OpenQA.Selenium.Remote.DriverServiceCommandExecutor.Execute(Command commandToExecute)
   at OpenQA.Selenium.WebDriver.Execute(String driverCommandToExecute, Dictionary`2 parameters)
   at OpenQA.Selenium.Chromium.ChromiumDriver.ExecuteCdpCommand(String commandName, Dictionary`2 commandParameters)
   at ConsummerScreenPageBot.Program.SetupDesktopDevice(IWebDriver driver) in F:\PROJECT\CAPTURE_FULL_PAGE_C#_SELELIUM\CONSUM_SCREEN_PAGE_BY_SE_C__GIT\CONSUMMER_Capture_FullPage_By_Selelium_C-\ConsummerScreenPageBot\Program.cs:line 445
[2025-11-09 20:05:21] [ProcessDevice] 1 - https://thanhnien.vn/ => OpenQA.Selenium.WebDriverException: An unknown exception was encountered sending an HTTP request to the remote WebDriver server for URL http://localhost:61449/session/132a1ecb420f6305e8467d516c59ccd4/url. The exception message was: No connection could be made because the target machine actively refused it. (localhost:61449)
 ---> System.Net.Http.HttpRequestException: No connection could be made because the target machine actively refused it. (localhost:61449)
 ---> System.Net.Sockets.SocketException (10061): No connection could be made because the target machine actively refused it.
   at System.Net.Sockets.Socket.AwaitableSocketAsyncEventArgs.System.Threading.Tasks.Sources.IValueTaskSource.GetResult(Int16 token)
   at System.Net.Sockets.Socket.<ConnectAsync>g__WaitForConnectWithCancellation|285_0(AwaitableSocketAsyncEventArgs saea, ValueTask connectTask, CancellationToken cancellationToken)
   at System.Net.Http.HttpConnectionPool.ConnectToTcpHostAsync(String host, Int32 port, HttpRequestMessage initialRequest, Boolean async, CancellationToken cancellationToken)
   --- End of inner exception stack trace ---
   at System.Net.Http.HttpConnectionPool.ConnectToTcpHostAsync(String host, Int32 port, HttpRequestMessage initialRequest, Boolean async, CancellationToken cancellationToken)
   at System.Net.Http.HttpConnectionPool.ConnectAsync(HttpRequestMessage request, Boolean async, CancellationToken cancellationToken)
   at System.Net.Http.HttpConnectionPool.CreateHttp11ConnectionAsync(HttpRequestMessage request, Boolean async, CancellationToken cancellationToken)
   at System.Net.Http.HttpConnectionPool.AddHttp11ConnectionAsync(QueueItem queueItem)
   at System.Threading.Tasks.TaskCompletionSourceWithCancellation`1.WaitWithCancellationAsync(CancellationToken cancellationToken)
   at System.Net.Http.HttpConnectionPool.SendWithVersionDetectionAndRetryAsync(HttpRequestMessage request, Boolean async, Boolean doRequestAuth, CancellationToken cancellationToken)
   at System.Net.Http.RedirectHandler.SendAsync(HttpRequestMessage request, Boolean async, CancellationToken cancellationToken)
   at System.Net.Http.HttpClient.<SendAsync>g__Core|83_0(HttpRequestMessage request, HttpCompletionOption completionOption, CancellationTokenSource cts, Boolean disposeCts, CancellationTokenSource pendingRequestsCts, CancellationToken originalCancellationToken)
   at OpenQA.Selenium.Remote.HttpCommandExecutor.MakeHttpRequest(HttpRequestInfo requestInfo)
   at OpenQA.Selenium.Remote.HttpCommandExecutor.<>c__DisplayClass32_0.<<Execute>b__0>d.MoveNext()
--- End of stack trace from previous location ---
   at OpenQA.Selenium.Remote.HttpCommandExecutor.Execute(Command commandToExecute)
   --- End of inner exception stack trace ---
   at OpenQA.Selenium.Remote.HttpCommandExecutor.Execute(Command commandToExecute)
   at OpenQA.Selenium.Remote.DriverServiceCommandExecutor.Execute(Command commandToExecute)
   at OpenQA.Selenium.WebDriver.Execute(String driverCommandToExecute, Dictionary`2 parameters)
   at OpenQA.Selenium.WebDriver.get_Url()
   at ConsummerScreenPageBot.Program.TryNavigate(IWebDriver driver, String url, TimeSpan timeout, String& failureReason) in F:\PROJECT\CAPTURE_FULL_PAGE_C#_SELELIUM\CONSUM_SCREEN_PAGE_BY_SE_C__GIT\CONSUMMER_Capture_FullPage_By_Selelium_C-\ConsummerScreenPageBot\Program.cs:line 2091
   at ConsummerScreenPageBot.Program.<>c__DisplayClass18_1.<Main>b__0(Object sender, BasicDeliverEventArgs ea) in F:\PROJECT\CAPTURE_FULL_PAGE_C#_SELELIUM\CONSUM_SCREEN_PAGE_BY_SE_C__GIT\CONSUMMER_Capture_FullPage_By_Selelium_C-\ConsummerScreenPageBot\Program.cs:line 292
[2025-11-09 20:05:26] [SetupDesktopDevice] OpenQA.Selenium.WebDriverException: An unknown exception was encountered sending an HTTP request to the remote WebDriver server for URL http://localhost:61449/session/132a1ecb420f6305e8467d516c59ccd4/goog/cdp/execute. The exception message was: No connection could be made because the target machine actively refused it. (localhost:61449)
 ---> System.Net.Http.HttpRequestException: No connection could be made because the target machine actively refused it. (localhost:61449)
 ---> System.Net.Sockets.SocketException (10061): No connection could be made because the target machine actively refused it.
   at System.Net.Sockets.Socket.AwaitableSocketAsyncEventArgs.System.Threading.Tasks.Sources.IValueTaskSource.GetResult(Int16 token)
   at System.Net.Sockets.Socket.<ConnectAsync>g__WaitForConnectWithCancellation|285_0(AwaitableSocketAsyncEventArgs saea, ValueTask connectTask, CancellationToken cancellationToken)
   at System.Net.Http.HttpConnectionPool.ConnectToTcpHostAsync(String host, Int32 port, HttpRequestMessage initialRequest, Boolean async, CancellationToken cancellationToken)
   --- End of inner exception stack trace ---
   at System.Net.Http.HttpConnectionPool.ConnectToTcpHostAsync(String host, Int32 port, HttpRequestMessage initialRequest, Boolean async, CancellationToken cancellationToken)
   at System.Net.Http.HttpConnectionPool.ConnectAsync(HttpRequestMessage request, Boolean async, CancellationToken cancellationToken)
   at System.Net.Http.HttpConnectionPool.CreateHttp11ConnectionAsync(HttpRequestMessage request, Boolean async, CancellationToken cancellationToken)
   at System.Net.Http.HttpConnectionPool.AddHttp11ConnectionAsync(QueueItem queueItem)
   at System.Threading.Tasks.TaskCompletionSourceWithCancellation`1.WaitWithCancellationAsync(CancellationToken cancellationToken)
   at System.Net.Http.HttpConnectionPool.SendWithVersionDetectionAndRetryAsync(HttpRequestMessage request, Boolean async, Boolean doRequestAuth, CancellationToken cancellationToken)
   at System.Net.Http.RedirectHandler.SendAsync(HttpRequestMessage request, Boolean async, CancellationToken cancellationToken)
   at System.Net.Http.HttpClient.<SendAsync>g__Core|83_0(HttpRequestMessage request, HttpCompletionOption completionOption, CancellationTokenSource cts, Boolean disposeCts, CancellationTokenSource pendingRequestsCts, CancellationToken originalCancellationToken)
   at OpenQA.Selenium.Remote.HttpCommandExecutor.MakeHttpRequest(HttpRequestInfo requestInfo)
   at OpenQA.Selenium.Remote.HttpCommandExecutor.<>c__DisplayClass32_0.<<Execute>b__0>d.MoveNext()
--- End of stack trace from previous location ---
   at OpenQA.Selenium.Remote.HttpCommandExecutor.Execute(Command commandToExecute)
   --- End of inner exception stack trace ---
   at OpenQA.Selenium.Remote.HttpCommandExecutor.Execute(Command commandToExecute)
   at OpenQA.Selenium.Remote.DriverServiceCommandExecutor.Execute(Command commandToExecute)
   at OpenQA.Selenium.WebDriver.Execute(String driverCommandToExecute, Dictionary`2 parameters)
   at OpenQA.Selenium.Chromium.ChromiumDriver.ExecuteCdpCommand(String commandName, Dictionary`2 commandParameters)
   at ConsummerScreenPageBot.Program.SetupDesktopDevice(IWebDriver driver) in F:\PROJECT\CAPTURE_FULL_PAGE_C#_SELELIUM\CONSUM_SCREEN_PAGE_BY_SE_C__GIT\CONSUMMER_Capture_FullPage_By_Selelium_C-\ConsummerScreenPageBot\Program.cs:line 445
[2025-11-09 20:06:38] [ProcessDevice] 1 - https://vietnamnet.vn/ => OpenQA.Selenium.WebDriverException: An unknown exception was encountered sending an HTTP request to the remote WebDriver server for URL http://localhost:61449/session/132a1ecb420f6305e8467d516c59ccd4/url. The exception message was: No connection could be made because the target machine actively refused it. (localhost:61449)
 ---> System.Net.Http.HttpRequestException: No connection could be made because the target machine actively refused it. (localhost:61449)
 ---> System.Net.Sockets.SocketException (10061): No connection could be made because the target machine actively refused it.
   at System.Net.Sockets.Socket.AwaitableSocketAsyncEventArgs.System.Threading.Tasks.Sources.IValueTaskSource.GetResult(Int16 token)
   at System.Net.Sockets.Socket.<ConnectAsync>g__WaitForConnectWithCancellation|285_0(AwaitableSocketAsyncEventArgs saea, ValueTask connectTask, CancellationToken cancellationToken)
   at System.Net.Http.HttpConnectionPool.ConnectToTcpHostAsync(String host, Int32 port, HttpRequestMessage initialRequest, Boolean async, CancellationToken cancellationToken)
   --- End of inner exception stack trace ---
   at System.Net.Http.HttpConnectionPool.ConnectToTcpHostAsync(String host, Int32 port, HttpRequestMessage initialRequest, Boolean async, CancellationToken cancellationToken)
   at System.Net.Http.HttpConnectionPool.ConnectAsync(HttpRequestMessage request, Boolean async, CancellationToken cancellationToken)
   at System.Net.Http.HttpConnectionPool.CreateHttp11ConnectionAsync(HttpRequestMessage request, Boolean async, CancellationToken cancellationToken)
   at System.Net.Http.HttpConnectionPool.AddHttp11ConnectionAsync(QueueItem queueItem)
   at System.Threading.Tasks.TaskCompletionSourceWithCancellation`1.WaitWithCancellationAsync(CancellationToken cancellationToken)
   at System.Net.Http.HttpConnectionPool.SendWithVersionDetectionAndRetryAsync(HttpRequestMessage request, Boolean async, Boolean doRequestAuth, CancellationToken cancellationToken)
   at System.Net.Http.RedirectHandler.SendAsync(HttpRequestMessage request, Boolean async, CancellationToken cancellationToken)
   at System.Net.Http.HttpClient.<SendAsync>g__Core|83_0(HttpRequestMessage request, HttpCompletionOption completionOption, CancellationTokenSource cts, Boolean disposeCts, CancellationTokenSource pendingRequestsCts, CancellationToken originalCancellationToken)
   at OpenQA.Selenium.Remote.HttpCommandExecutor.MakeHttpRequest(HttpRequestInfo requestInfo)
   at OpenQA.Selenium.Remote.HttpCommandExecutor.<>c__DisplayClass32_0.<<Execute>b__0>d.MoveNext()
--- End of stack trace from previous location ---
   at OpenQA.Selenium.Remote.HttpCommandExecutor.Execute(Command commandToExecute)
   --- End of inner exception stack trace ---
   at OpenQA.Selenium.Remote.HttpCommandExecutor.Execute(Command commandToExecute)
   at OpenQA.Selenium.Remote.DriverServiceCommandExecutor.Execute(Command commandToExecute)
   at OpenQA.Selenium.WebDriver.Execute(String driverCommandToExecute, Dictionary`2 parameters)
   at OpenQA.Selenium.WebDriver.get_Url()
   at ConsummerScreenPageBot.Program.TryNavigate(IWebDriver driver, String url, TimeSpan timeout, String& failureReason) in F:\PROJECT\CAPTURE_FULL_PAGE_C#_SELELIUM\CONSUM_SCREEN_PAGE_BY_SE_C__GIT\CONSUMMER_Capture_FullPage_By_Selelium_C-\ConsummerScreenPageBot\Program.cs:line 2091
   at ConsummerScreenPageBot.Program.<>c__DisplayClass18_1.<Main>b__0(Object sender, BasicDeliverEventArgs ea) in F:\PROJECT\CAPTURE_FULL_PAGE_C#_SELELIUM\CONSUM_SCREEN_PAGE_BY_SE_C__GIT\CONSUMMER_Capture_FullPage_By_Selelium_C-\ConsummerScreenPageBot\Program.cs:line 292
[2025-11-09 20:06:43] [SetupDesktopDevice] OpenQA.Selenium.WebDriverException: An unknown exception was encountered sending an HTTP request to the remote WebDriver server for URL http://localhost:61449/session/132a1ecb420f6305e8467d516c59ccd4/goog/cdp/execute. The exception message was: No connection could be made because the target machine actively refused it. (localhost:61449)
 ---> System.Net.Http.HttpRequestException: No connection could be made because the target machine actively refused it. (localhost:61449)
 ---> System.Net.Sockets.SocketException (10061): No connection could be made because the target machine actively refused it.
   at System.Net.Sockets.Socket.AwaitableSocketAsyncEventArgs.System.Threading.Tasks.Sources.IValueTaskSource.GetResult(Int16 token)
   at System.Net.Sockets.Socket.<ConnectAsync>g__WaitForConnectWithCancellation|285_0(AwaitableSocketAsyncEventArgs saea, ValueTask connectTask, CancellationToken cancellationToken)
   at System.Net.Http.HttpConnectionPool.ConnectToTcpHostAsync(String host, Int32 port, HttpRequestMessage initialRequest, Boolean async, CancellationToken cancellationToken)
   --- End of inner exception stack trace ---
   at System.Net.Http.HttpConnectionPool.ConnectToTcpHostAsync(String host, Int32 port, HttpRequestMessage initialRequest, Boolean async, CancellationToken cancellationToken)
   at System.Net.Http.HttpConnectionPool.ConnectAsync(HttpRequestMessage request, Boolean async, CancellationToken cancellationToken)
   at System.Net.Http.HttpConnectionPool.CreateHttp11ConnectionAsync(HttpRequestMessage request, Boolean async, CancellationToken cancellationToken)
   at System.Net.Http.HttpConnectionPool.AddHttp11ConnectionAsync(QueueItem queueItem)
   at System.Threading.Tasks.TaskCompletionSourceWithCancellation`1.WaitWithCancellationAsync(CancellationToken cancellationToken)
   at System.Net.Http.HttpConnectionPool.SendWithVersionDetectionAndRetryAsync(HttpRequestMessage request, Boolean async, Boolean doRequestAuth, CancellationToken cancellationToken)
   at System.Net.Http.RedirectHandler.SendAsync(HttpRequestMessage request, Boolean async, CancellationToken cancellationToken)
   at System.Net.Http.HttpClient.<SendAsync>g__Core|83_0(HttpRequestMessage request, HttpCompletionOption completionOption, CancellationTokenSource cts, Boolean disposeCts, CancellationTokenSource pendingRequestsCts, CancellationToken originalCancellationToken)
   at OpenQA.Selenium.Remote.HttpCommandExecutor.MakeHttpRequest(HttpRequestInfo requestInfo)
   at OpenQA.Selenium.Remote.HttpCommandExecutor.<>c__DisplayClass32_0.<<Execute>b__0>d.MoveNext()
--- End of stack trace from previous location ---
   at OpenQA.Selenium.Remote.HttpCommandExecutor.Execute(Command commandToExecute)
   --- End of inner exception stack trace ---
   at OpenQA.Selenium.Remote.HttpCommandExecutor.Execute(Command commandToExecute)
   at OpenQA.Selenium.Remote.DriverServiceCommandExecutor.Execute(Command commandToExecute)
   at OpenQA.Selenium.WebDriver.Execute(String driverCommandToExecute, Dictionary`2 parameters)
   at OpenQA.Selenium.Chromium.ChromiumDriver.ExecuteCdpCommand(String commandName, Dictionary`2 commandParameters)
   at ConsummerScreenPageBot.Program.SetupDesktopDevice(IWebDriver driver) in F:\PROJECT\CAPTURE_FULL_PAGE_C#_SELELIUM\CONSUM_SCREEN_PAGE_BY_SE_C__GIT\CONSUMMER_Capture_FullPage_By_Selelium_C-\ConsummerScreenPageBot\Program.cs:line 445
[2025-11-09 20:07:54] [ProcessDevice] 1 - https://nhandan.vn/ => OpenQA.Selenium.WebDriverException: An unknown exception was encountered sending an HTTP request to the remote WebDriver server for URL http://localhost:61449/session/132a1ecb420f6305e8467d516c59ccd4/url. The exception message was: No connection could be made because the target machine actively refused it. (localhost:61449)
 ---> System.Net.Http.HttpRequestException: No connection could be made because the target machine actively refused it. (localhost:61449)
 ---> System.Net.Sockets.SocketException (10061): No connection could be made because the target machine actively refused it.
   at System.Net.Sockets.Socket.AwaitableSocketAsyncEventArgs.System.Threading.Tasks.Sources.IValueTaskSource.GetResult(Int16 token)
   at System.Net.Sockets.Socket.<ConnectAsync>g__WaitForConnectWithCancellation|285_0(AwaitableSocketAsyncEventArgs saea, ValueTask connectTask, CancellationToken cancellationToken)
   at System.Net.Http.HttpConnectionPool.ConnectToTcpHostAsync(String host, Int32 port, HttpRequestMessage initialRequest, Boolean async, CancellationToken cancellationToken)
   --- End of inner exception stack trace ---
   at System.Net.Http.HttpConnectionPool.ConnectToTcpHostAsync(String host, Int32 port, HttpRequestMessage initialRequest, Boolean async, CancellationToken cancellationToken)
   at System.Net.Http.HttpConnectionPool.ConnectAsync(HttpRequestMessage request, Boolean async, CancellationToken cancellationToken)
   at System.Net.Http.HttpConnectionPool.CreateHttp11ConnectionAsync(HttpRequestMessage request, Boolean async, CancellationToken cancellationToken)
   at System.Net.Http.HttpConnectionPool.AddHttp11ConnectionAsync(QueueItem queueItem)
   at System.Threading.Tasks.TaskCompletionSourceWithCancellation`1.WaitWithCancellationAsync(CancellationToken cancellationToken)
   at System.Net.Http.HttpConnectionPool.SendWithVersionDetectionAndRetryAsync(HttpRequestMessage request, Boolean async, Boolean doRequestAuth, CancellationToken cancellationToken)
   at System.Net.Http.RedirectHandler.SendAsync(HttpRequestMessage request, Boolean async, CancellationToken cancellationToken)
   at System.Net.Http.HttpClient.<SendAsync>g__Core|83_0(HttpRequestMessage request, HttpCompletionOption completionOption, CancellationTokenSource cts, Boolean disposeCts, CancellationTokenSource pendingRequestsCts, CancellationToken originalCancellationToken)
   at OpenQA.Selenium.Remote.HttpCommandExecutor.MakeHttpRequest(HttpRequestInfo requestInfo)
   at OpenQA.Selenium.Remote.HttpCommandExecutor.<>c__DisplayClass32_0.<<Execute>b__0>d.MoveNext()
--- End of stack trace from previous location ---
   at OpenQA.Selenium.Remote.HttpCommandExecutor.Execute(Command commandToExecute)
   --- End of inner exception stack trace ---
   at OpenQA.Selenium.Remote.HttpCommandExecutor.Execute(Command commandToExecute)
   at OpenQA.Selenium.Remote.DriverServiceCommandExecutor.Execute(Command commandToExecute)
   at OpenQA.Selenium.WebDriver.Execute(String driverCommandToExecute, Dictionary`2 parameters)
   at OpenQA.Selenium.WebDriver.get_Url()
   at ConsummerScreenPageBot.Program.TryNavigate(IWebDriver driver, String url, TimeSpan timeout, String& failureReason) in F:\PROJECT\CAPTURE_FULL_PAGE_C#_SELELIUM\CONSUM_SCREEN_PAGE_BY_SE_C__GIT\CONSUMMER_Capture_FullPage_By_Selelium_C-\ConsummerScreenPageBot\Program.cs:line 2091
   at ConsummerScreenPageBot.Program.<>c__DisplayClass18_1.<Main>b__0(Object sender, BasicDeliverEventArgs ea) in F:\PROJECT\CAPTURE_FULL_PAGE_C#_SELELIUM\CONSUM_SCREEN_PAGE_BY_SE_C__GIT\CONSUMMER_Capture_FullPage_By_Selelium_C-\ConsummerScreenPageBot\Program.cs:line 292
[2025-11-09 20:07:59] [SetupDesktopDevice] OpenQA.Selenium.WebDriverException: An unknown exception was encountered sending an HTTP request to the remote WebDriver server for URL http://localhost:61449/session/132a1ecb420f6305e8467d516c59ccd4/goog/cdp/execute. The exception message was: No connection could be made because the target machine actively refused it. (localhost:61449)
 ---> System.Net.Http.HttpRequestException: No connection could be made because the target machine actively refused it. (localhost:61449)
 ---> System.Net.Sockets.SocketException (10061): No connection could be made because the target machine actively refused it.
   at System.Net.Sockets.Socket.AwaitableSocketAsyncEventArgs.System.Threading.Tasks.Sources.IValueTaskSource.GetResult(Int16 token)
   at System.Net.Sockets.Socket.<ConnectAsync>g__WaitForConnectWithCancellation|285_0(AwaitableSocketAsyncEventArgs saea, ValueTask connectTask, CancellationToken cancellationToken)
   at System.Net.Http.HttpConnectionPool.ConnectToTcpHostAsync(String host, Int32 port, HttpRequestMessage initialRequest, Boolean async, CancellationToken cancellationToken)
   --- End of inner exception stack trace ---
   at System.Net.Http.HttpConnectionPool.ConnectToTcpHostAsync(String host, Int32 port, HttpRequestMessage initialRequest, Boolean async, CancellationToken cancellationToken)
   at System.Net.Http.HttpConnectionPool.ConnectAsync(HttpRequestMessage request, Boolean async, CancellationToken cancellationToken)
   at System.Net.Http.HttpConnectionPool.CreateHttp11ConnectionAsync(HttpRequestMessage request, Boolean async, CancellationToken cancellationToken)
   at System.Net.Http.HttpConnectionPool.AddHttp11ConnectionAsync(QueueItem queueItem)
   at System.Threading.Tasks.TaskCompletionSourceWithCancellation`1.WaitWithCancellationAsync(CancellationToken cancellationToken)
   at System.Net.Http.HttpConnectionPool.SendWithVersionDetectionAndRetryAsync(HttpRequestMessage request, Boolean async, Boolean doRequestAuth, CancellationToken cancellationToken)
   at System.Net.Http.RedirectHandler.SendAsync(HttpRequestMessage request, Boolean async, CancellationToken cancellationToken)
   at System.Net.Http.HttpClient.<SendAsync>g__Core|83_0(HttpRequestMessage request, HttpCompletionOption completionOption, CancellationTokenSource cts, Boolean disposeCts, CancellationTokenSource pendingRequestsCts, CancellationToken originalCancellationToken)
   at OpenQA.Selenium.Remote.HttpCommandExecutor.MakeHttpRequest(HttpRequestInfo requestInfo)
   at OpenQA.Selenium.Remote.HttpCommandExecutor.<>c__DisplayClass32_0.<<Execute>b__0>d.MoveNext()
--- End of stack trace from previous location ---
   at OpenQA.Selenium.Remote.HttpCommandExecutor.Execute(Command commandToExecute)
   --- End of inner exception stack trace ---
   at OpenQA.Selenium.Remote.HttpCommandExecutor.Execute(Command commandToExecute)
   at OpenQA.Selenium.Remote.DriverServiceCommandExecutor.Execute(Command commandToExecute)
   at OpenQA.Selenium.WebDriver.Execute(String driverCommandToExecute, Dictionary`2 parameters)
   at OpenQA.Selenium.Chromium.ChromiumDriver.ExecuteCdpCommand(String commandName, Dictionary`2 commandParameters)
   at ConsummerScreenPageBot.Program.SetupDesktopDevice(IWebDriver driver) in F:\PROJECT\CAPTURE_FULL_PAGE_C#_SELELIUM\CONSUM_SCREEN_PAGE_BY_SE_C__GIT\CONSUMMER_Capture_FullPage_By_Selelium_C-\ConsummerScreenPageBot\Program.cs:line 445
[2025-11-09 20:09:11] [ProcessDevice] 1 - https://cand.com.vn/ => OpenQA.Selenium.WebDriverException: An unknown exception was encountered sending an HTTP request to the remote WebDriver server for URL http://localhost:61449/session/132a1ecb420f6305e8467d516c59ccd4/url. The exception message was: No connection could be made because the target machine actively refused it. (localhost:61449)
 ---> System.Net.Http.HttpRequestException: No connection could be made because the target machine actively refused it. (localhost:61449)
 ---> System.Net.Sockets.SocketException (10061): No connection could be made because the target machine actively refused it.
   at System.Net.Sockets.Socket.AwaitableSocketAsyncEventArgs.System.Threading.Tasks.Sources.IValueTaskSource.GetResult(Int16 token)
   at System.Net.Sockets.Socket.<ConnectAsync>g__WaitForConnectWithCancellation|285_0(AwaitableSocketAsyncEventArgs saea, ValueTask connectTask, CancellationToken cancellationToken)
   at System.Net.Http.HttpConnectionPool.ConnectToTcpHostAsync(String host, Int32 port, HttpRequestMessage initialRequest, Boolean async, CancellationToken cancellationToken)
   --- End of inner exception stack trace ---
   at System.Net.Http.HttpConnectionPool.ConnectToTcpHostAsync(String host, Int32 port, HttpRequestMessage initialRequest, Boolean async, CancellationToken cancellationToken)
   at System.Net.Http.HttpConnectionPool.ConnectAsync(HttpRequestMessage request, Boolean async, CancellationToken cancellationToken)
   at System.Net.Http.HttpConnectionPool.CreateHttp11ConnectionAsync(HttpRequestMessage request, Boolean async, CancellationToken cancellationToken)
   at System.Net.Http.HttpConnectionPool.AddHttp11ConnectionAsync(QueueItem queueItem)
   at System.Threading.Tasks.TaskCompletionSourceWithCancellation`1.WaitWithCancellationAsync(CancellationToken cancellationToken)
   at System.Net.Http.HttpConnectionPool.SendWithVersionDetectionAndRetryAsync(HttpRequestMessage request, Boolean async, Boolean doRequestAuth, CancellationToken cancellationToken)
   at System.Net.Http.RedirectHandler.SendAsync(HttpRequestMessage request, Boolean async, CancellationToken cancellationToken)
   at System.Net.Http.HttpClient.<SendAsync>g__Core|83_0(HttpRequestMessage request, HttpCompletionOption completionOption, CancellationTokenSource cts, Boolean disposeCts, CancellationTokenSource pendingRequestsCts, CancellationToken originalCancellationToken)
   at OpenQA.Selenium.Remote.HttpCommandExecutor.MakeHttpRequest(HttpRequestInfo requestInfo)
   at OpenQA.Selenium.Remote.HttpCommandExecutor.<>c__DisplayClass32_0.<<Execute>b__0>d.MoveNext()
--- End of stack trace from previous location ---
   at OpenQA.Selenium.Remote.HttpCommandExecutor.Execute(Command commandToExecute)
   --- End of inner exception stack trace ---
   at OpenQA.Selenium.Remote.HttpCommandExecutor.Execute(Command commandToExecute)
   at OpenQA.Selenium.Remote.DriverServiceCommandExecutor.Execute(Command commandToExecute)
   at OpenQA.Selenium.WebDriver.Execute(String driverCommandToExecute, Dictionary`2 parameters)
   at OpenQA.Selenium.WebDriver.get_Url()
   at ConsummerScreenPageBot.Program.TryNavigate(IWebDriver driver, String url, TimeSpan timeout, String& failureReason) in F:\PROJECT\CAPTURE_FULL_PAGE_C#_SELELIUM\CONSUM_SCREEN_PAGE_BY_SE_C__GIT\CONSUMMER_Capture_FullPage_By_Selelium_C-\ConsummerScreenPageBot\Program.cs:line 2091
   at ConsummerScreenPageBot.Program.<>c__DisplayClass18_1.<Main>b__0(Object sender, BasicDeliverEventArgs ea) in F:\PROJECT\CAPTURE_FULL_PAGE_C#_SELELIUM\CONSUM_SCREEN_PAGE_BY_SE_C__GIT\CONSUMMER_Capture_FullPage_By_Selelium_C-\ConsummerScreenPageBot\Program.cs:line 292
[2025-11-09 20:09:16] [SetupDesktopDevice] OpenQA.Selenium.WebDriverException: An unknown exception was encountered sending an HTTP request to the remote WebDriver server for URL http://localhost:61449/session/132a1ecb420f6305e8467d516c59ccd4/goog/cdp/execute. The exception message was: No connection could be made because the target machine actively refused it. (localhost:61449)
 ---> System.Net.Http.HttpRequestException: No connection could be made because the target machine actively refused it. (localhost:61449)
 ---> System.Net.Sockets.SocketException (10061): No connection could be made because the target machine actively refused it.
   at System.Net.Sockets.Socket.AwaitableSocketAsyncEventArgs.System.Threading.Tasks.Sources.IValueTaskSource.GetResult(Int16 token)
   at System.Net.Sockets.Socket.<ConnectAsync>g__WaitForConnectWithCancellation|285_0(AwaitableSocketAsyncEventArgs saea, ValueTask connectTask, CancellationToken cancellationToken)
   at System.Net.Http.HttpConnectionPool.ConnectToTcpHostAsync(String host, Int32 port, HttpRequestMessage initialRequest, Boolean async, CancellationToken cancellationToken)
   --- End of inner exception stack trace ---
   at System.Net.Http.HttpConnectionPool.ConnectToTcpHostAsync(String host, Int32 port, HttpRequestMessage initialRequest, Boolean async, CancellationToken cancellationToken)
   at System.Net.Http.HttpConnectionPool.ConnectAsync(HttpRequestMessage request, Boolean async, CancellationToken cancellationToken)
   at System.Net.Http.HttpConnectionPool.CreateHttp11ConnectionAsync(HttpRequestMessage request, Boolean async, CancellationToken cancellationToken)
   at System.Net.Http.HttpConnectionPool.AddHttp11ConnectionAsync(QueueItem queueItem)
   at System.Threading.Tasks.TaskCompletionSourceWithCancellation`1.WaitWithCancellationAsync(CancellationToken cancellationToken)
   at System.Net.Http.HttpConnectionPool.SendWithVersionDetectionAndRetryAsync(HttpRequestMessage request, Boolean async, Boolean doRequestAuth, CancellationToken cancellationToken)
   at System.Net.Http.RedirectHandler.SendAsync(HttpRequestMessage request, Boolean async, CancellationToken cancellationToken)
   at System.Net.Http.HttpClient.<SendAsync>g__Core|83_0(HttpRequestMessage request, HttpCompletionOption completionOption, CancellationTokenSource cts, Boolean disposeCts, CancellationTokenSource pendingRequestsCts, CancellationToken originalCancellationToken)
   at OpenQA.Selenium.Remote.HttpCommandExecutor.MakeHttpRequest(HttpRequestInfo requestInfo)
   at OpenQA.Selenium.Remote.HttpCommandExecutor.<>c__DisplayClass32_0.<<Execute>b__0>d.MoveNext()
--- End of stack trace from previous location ---
   at OpenQA.Selenium.Remote.HttpCommandExecutor.Execute(Command commandToExecute)
   --- End of inner exception stack trace ---
   at OpenQA.Selenium.Remote.HttpCommandExecutor.Execute(Command commandToExecute)
   at OpenQA.Selenium.Remote.DriverServiceCommandExecutor.Execute(Command commandToExecute)
   at OpenQA.Selenium.WebDriver.Execute(String driverCommandToExecute, Dictionary`2 parameters)
   at OpenQA.Selenium.Chromium.ChromiumDriver.ExecuteCdpCommand(String commandName, Dictionary`2 commandParameters)
   at ConsummerScreenPageBot.Program.SetupDesktopDevice(IWebDriver driver) in F:\PROJECT\CAPTURE_FULL_PAGE_C#_SELELIUM\CONSUM_SCREEN_PAGE_BY_SE_C__GIT\CONSUMMER_Capture_FullPage_By_Selelium_C-\ConsummerScreenPageBot\Program.cs:line 445
[2025-11-09 20:10:28] [ProcessDevice] 1 - https://doisongphapluat.com.vn/ => OpenQA.Selenium.WebDriverException: An unknown exception was encountered sending an HTTP request to the remote WebDriver server for URL http://localhost:61449/session/132a1ecb420f6305e8467d516c59ccd4/url. The exception message was: No connection could be made because the target machine actively refused it. (localhost:61449)
 ---> System.Net.Http.HttpRequestException: No connection could be made because the target machine actively refused it. (localhost:61449)
 ---> System.Net.Sockets.SocketException (10061): No connection could be made because the target machine actively refused it.
   at System.Net.Sockets.Socket.AwaitableSocketAsyncEventArgs.System.Threading.Tasks.Sources.IValueTaskSource.GetResult(Int16 token)
   at System.Net.Sockets.Socket.<ConnectAsync>g__WaitForConnectWithCancellation|285_0(AwaitableSocketAsyncEventArgs saea, ValueTask connectTask, CancellationToken cancellationToken)
   at System.Net.Http.HttpConnectionPool.ConnectToTcpHostAsync(String host, Int32 port, HttpRequestMessage initialRequest, Boolean async, CancellationToken cancellationToken)
   --- End of inner exception stack trace ---
   at System.Net.Http.HttpConnectionPool.ConnectToTcpHostAsync(String host, Int32 port, HttpRequestMessage initialRequest, Boolean async, CancellationToken cancellationToken)
   at System.Net.Http.HttpConnectionPool.ConnectAsync(HttpRequestMessage request, Boolean async, CancellationToken cancellationToken)
   at System.Net.Http.HttpConnectionPool.CreateHttp11ConnectionAsync(HttpRequestMessage request, Boolean async, CancellationToken cancellationToken)
   at System.Net.Http.HttpConnectionPool.AddHttp11ConnectionAsync(QueueItem queueItem)
   at System.Threading.Tasks.TaskCompletionSourceWithCancellation`1.WaitWithCancellationAsync(CancellationToken cancellationToken)
   at System.Net.Http.HttpConnectionPool.SendWithVersionDetectionAndRetryAsync(HttpRequestMessage request, Boolean async, Boolean doRequestAuth, CancellationToken cancellationToken)
   at System.Net.Http.RedirectHandler.SendAsync(HttpRequestMessage request, Boolean async, CancellationToken cancellationToken)
   at System.Net.Http.HttpClient.<SendAsync>g__Core|83_0(HttpRequestMessage request, HttpCompletionOption completionOption, CancellationTokenSource cts, Boolean disposeCts, CancellationTokenSource pendingRequestsCts, CancellationToken originalCancellationToken)
   at OpenQA.Selenium.Remote.HttpCommandExecutor.MakeHttpRequest(HttpRequestInfo requestInfo)
   at OpenQA.Selenium.Remote.HttpCommandExecutor.<>c__DisplayClass32_0.<<Execute>b__0>d.MoveNext()
--- End of stack trace from previous location ---
   at OpenQA.Selenium.Remote.HttpCommandExecutor.Execute(Command commandToExecute)
   --- End of inner exception stack trace ---
   at OpenQA.Selenium.Remote.HttpCommandExecutor.Execute(Command commandToExecute)
   at OpenQA.Selenium.Remote.DriverServiceCommandExecutor.Execute(Command commandToExecute)
   at OpenQA.Selenium.WebDriver.Execute(String driverCommandToExecute, Dictionary`2 parameters)
   at OpenQA.Selenium.WebDriver.get_Url()
   at ConsummerScreenPageBot.Program.TryNavigate(IWebDriver driver, String url, TimeSpan timeout, String& failureReason) in F:\PROJECT\CAPTURE_FULL_PAGE_C#_SELELIUM\CONSUM_SCREEN_PAGE_BY_SE_C__GIT\CONSUMMER_Capture_FullPage_By_Selelium_C-\ConsummerScreenPageBot\Program.cs:line 2091
   at ConsummerScreenPageBot.Program.<>c__DisplayClass18_1.<Main>b__0(Object sender, BasicDeliverEventArgs ea) in F:\PROJECT\CAPTURE_FULL_PAGE_C#_SELELIUM\CONSUM_SCREEN_PAGE_BY_SE_C__GIT\CONSUMMER_Capture_FullPage_By_Selelium_C-\ConsummerScreenPageBot\Program.cs:line 292
[2025-11-09 20:10:33] [SetupDesktopDevice] OpenQA.Selenium.WebDriverException: An unknown exception was encountered sending an HTTP request to the remote WebDriver server for URL http://localhost:61449/session/132a1ecb420f6305e8467d516c59ccd4/goog/cdp/execute. The exception message was: No connection could be made because the target machine actively refused it. (localhost:61449)
 ---> System.Net.Http.HttpRequestException: No connection could be made because the target machine actively refused it. (localhost:61449)
 ---> System.Net.Sockets.SocketException (10061): No connection could be made because the target machine actively refused it.
   at System.Net.Sockets.Socket.AwaitableSocketAsyncEventArgs.System.Threading.Tasks.Sources.IValueTaskSource.GetResult(Int16 token)
   at System.Net.Sockets.Socket.<ConnectAsync>g__WaitForConnectWithCancellation|285_0(AwaitableSocketAsyncEventArgs saea, ValueTask connectTask, CancellationToken cancellationToken)
   at System.Net.Http.HttpConnectionPool.ConnectToTcpHostAsync(String host, Int32 port, HttpRequestMessage initialRequest, Boolean async, CancellationToken cancellationToken)
   --- End of inner exception stack trace ---
   at System.Net.Http.HttpConnectionPool.ConnectToTcpHostAsync(String host, Int32 port, HttpRequestMessage initialRequest, Boolean async, CancellationToken cancellationToken)
   at System.Net.Http.HttpConnectionPool.ConnectAsync(HttpRequestMessage request, Boolean async, CancellationToken cancellationToken)
   at System.Net.Http.HttpConnectionPool.CreateHttp11ConnectionAsync(HttpRequestMessage request, Boolean async, CancellationToken cancellationToken)
   at System.Net.Http.HttpConnectionPool.AddHttp11ConnectionAsync(QueueItem queueItem)
   at System.Threading.Tasks.TaskCompletionSourceWithCancellation`1.WaitWithCancellationAsync(CancellationToken cancellationToken)
   at System.Net.Http.HttpConnectionPool.SendWithVersionDetectionAndRetryAsync(HttpRequestMessage request, Boolean async, Boolean doRequestAuth, CancellationToken cancellationToken)
   at System.Net.Http.RedirectHandler.SendAsync(HttpRequestMessage request, Boolean async, CancellationToken cancellationToken)
   at System.Net.Http.HttpClient.<SendAsync>g__Core|83_0(HttpRequestMessage request, HttpCompletionOption completionOption, CancellationTokenSource cts, Boolean disposeCts, CancellationTokenSource pendingRequestsCts, CancellationToken originalCancellationToken)
   at OpenQA.Selenium.Remote.HttpCommandExecutor.MakeHttpRequest(HttpRequestInfo requestInfo)
   at OpenQA.Selenium.Remote.HttpCommandExecutor.<>c__DisplayClass32_0.<<Execute>b__0>d.MoveNext()
--- End of stack trace from previous location ---
   at OpenQA.Selenium.Remote.HttpCommandExecutor.Execute(Command commandToExecute)
   --- End of inner exception stack trace ---
   at OpenQA.Selenium.Remote.HttpCommandExecutor.Execute(Command commandToExecute)
   at OpenQA.Selenium.Remote.DriverServiceCommandExecutor.Execute(Command commandToExecute)
   at OpenQA.Selenium.WebDriver.Execute(String driverCommandToExecute, Dictionary`2 parameters)
   at OpenQA.Selenium.Chromium.ChromiumDriver.ExecuteCdpCommand(String commandName, Dictionary`2 commandParameters)
   at ConsummerScreenPageBot.Program.SetupDesktopDevice(IWebDriver driver) in F:\PROJECT\CAPTURE_FULL_PAGE_C#_SELELIUM\CONSUM_SCREEN_PAGE_BY_SE_C__GIT\CONSUMMER_Capture_FullPage_By_Selelium_C-\ConsummerScreenPageBot\Program.cs:line 445
[2025-11-09 20:11:45] [ProcessDevice] 1 - https://kenh14.vn/ => OpenQA.Selenium.WebDriverException: An unknown exception was encountered sending an HTTP request to the remote WebDriver server for URL http://localhost:61449/session/132a1ecb420f6305e8467d516c59ccd4/url. The exception message was: No connection could be made because the target machine actively refused it. (localhost:61449)
 ---> System.Net.Http.HttpRequestException: No connection could be made because the target machine actively refused it. (localhost:61449)
 ---> System.Net.Sockets.SocketException (10061): No connection could be made because the target machine actively refused it.
   at System.Net.Sockets.Socket.AwaitableSocketAsyncEventArgs.System.Threading.Tasks.Sources.IValueTaskSource.GetResult(Int16 token)
   at System.Net.Sockets.Socket.<ConnectAsync>g__WaitForConnectWithCancellation|285_0(AwaitableSocketAsyncEventArgs saea, ValueTask connectTask, CancellationToken cancellationToken)
   at System.Net.Http.HttpConnectionPool.ConnectToTcpHostAsync(String host, Int32 port, HttpRequestMessage initialRequest, Boolean async, CancellationToken cancellationToken)
   --- End of inner exception stack trace ---
   at System.Net.Http.HttpConnectionPool.ConnectToTcpHostAsync(String host, Int32 port, HttpRequestMessage initialRequest, Boolean async, CancellationToken cancellationToken)
   at System.Net.Http.HttpConnectionPool.ConnectAsync(HttpRequestMessage request, Boolean async, CancellationToken cancellationToken)
   at System.Net.Http.HttpConnectionPool.CreateHttp11ConnectionAsync(HttpRequestMessage request, Boolean async, CancellationToken cancellationToken)
   at System.Net.Http.HttpConnectionPool.AddHttp11ConnectionAsync(QueueItem queueItem)
   at System.Threading.Tasks.TaskCompletionSourceWithCancellation`1.WaitWithCancellationAsync(CancellationToken cancellationToken)
   at System.Net.Http.HttpConnectionPool.SendWithVersionDetectionAndRetryAsync(HttpRequestMessage request, Boolean async, Boolean doRequestAuth, CancellationToken cancellationToken)
   at System.Net.Http.RedirectHandler.SendAsync(HttpRequestMessage request, Boolean async, CancellationToken cancellationToken)
   at System.Net.Http.HttpClient.<SendAsync>g__Core|83_0(HttpRequestMessage request, HttpCompletionOption completionOption, CancellationTokenSource cts, Boolean disposeCts, CancellationTokenSource pendingRequestsCts, CancellationToken originalCancellationToken)
   at OpenQA.Selenium.Remote.HttpCommandExecutor.MakeHttpRequest(HttpRequestInfo requestInfo)
   at OpenQA.Selenium.Remote.HttpCommandExecutor.<>c__DisplayClass32_0.<<Execute>b__0>d.MoveNext()
--- End of stack trace from previous location ---
   at OpenQA.Selenium.Remote.HttpCommandExecutor.Execute(Command commandToExecute)
   --- End of inner exception stack trace ---
   at OpenQA.Selenium.Remote.HttpCommandExecutor.Execute(Command commandToExecute)
   at OpenQA.Selenium.Remote.DriverServiceCommandExecutor.Execute(Command commandToExecute)
   at OpenQA.Selenium.WebDriver.Execute(String driverCommandToExecute, Dictionary`2 parameters)
   at OpenQA.Selenium.WebDriver.get_Url()
   at ConsummerScreenPageBot.Program.TryNavigate(IWebDriver driver, String url, TimeSpan timeout, String& failureReason) in F:\PROJECT\CAPTURE_FULL_PAGE_C#_SELELIUM\CONSUM_SCREEN_PAGE_BY_SE_C__GIT\CONSUMMER_Capture_FullPage_By_Selelium_C-\ConsummerScreenPageBot\Program.cs:line 2091
   at ConsummerScreenPageBot.Program.<>c__DisplayClass18_1.<Main>b__0(Object sender, BasicDeliverEventArgs ea) in F:\PROJECT\CAPTURE_FULL_PAGE_C#_SELELIUM\CONSUM_SCREEN_PAGE_BY_SE_C__GIT\CONSUMMER_Capture_FullPage_By_Selelium_C-\ConsummerScreenPageBot\Program.cs:line 292
[2025-11-09 20:11:50] [SetupDesktopDevice] OpenQA.Selenium.WebDriverException: An unknown exception was encountered sending an HTTP request to the remote WebDriver server for URL http://localhost:61449/session/132a1ecb420f6305e8467d516c59ccd4/goog/cdp/execute. The exception message was: No connection could be made because the target machine actively refused it. (localhost:61449)
 ---> System.Net.Http.HttpRequestException: No connection could be made because the target machine actively refused it. (localhost:61449)
 ---> System.Net.Sockets.SocketException (10061): No connection could be made because the target machine actively refused it.
   at System.Net.Sockets.Socket.AwaitableSocketAsyncEventArgs.System.Threading.Tasks.Sources.IValueTaskSource.GetResult(Int16 token)
   at System.Net.Sockets.Socket.<ConnectAsync>g__WaitForConnectWithCancellation|285_0(AwaitableSocketAsyncEventArgs saea, ValueTask connectTask, CancellationToken cancellationToken)
   at System.Net.Http.HttpConnectionPool.ConnectToTcpHostAsync(String host, Int32 port, HttpRequestMessage initialRequest, Boolean async, CancellationToken cancellationToken)
   --- End of inner exception stack trace ---
   at System.Net.Http.HttpConnectionPool.ConnectToTcpHostAsync(String host, Int32 port, HttpRequestMessage initialRequest, Boolean async, CancellationToken cancellationToken)
   at System.Net.Http.HttpConnectionPool.ConnectAsync(HttpRequestMessage request, Boolean async, CancellationToken cancellationToken)
   at System.Net.Http.HttpConnectionPool.CreateHttp11ConnectionAsync(HttpRequestMessage request, Boolean async, CancellationToken cancellationToken)
   at System.Net.Http.HttpConnectionPool.AddHttp11ConnectionAsync(QueueItem queueItem)
   at System.Threading.Tasks.TaskCompletionSourceWithCancellation`1.WaitWithCancellationAsync(CancellationToken cancellationToken)
   at System.Net.Http.HttpConnectionPool.SendWithVersionDetectionAndRetryAsync(HttpRequestMessage request, Boolean async, Boolean doRequestAuth, CancellationToken cancellationToken)
   at System.Net.Http.RedirectHandler.SendAsync(HttpRequestMessage request, Boolean async, CancellationToken cancellationToken)
   at System.Net.Http.HttpClient.<SendAsync>g__Core|83_0(HttpRequestMessage request, HttpCompletionOption completionOption, CancellationTokenSource cts, Boolean disposeCts, CancellationTokenSource pendingRequestsCts, CancellationToken originalCancellationToken)
   at OpenQA.Selenium.Remote.HttpCommandExecutor.MakeHttpRequest(HttpRequestInfo requestInfo)
   at OpenQA.Selenium.Remote.HttpCommandExecutor.<>c__DisplayClass32_0.<<Execute>b__0>d.MoveNext()
--- End of stack trace from previous location ---
   at OpenQA.Selenium.Remote.HttpCommandExecutor.Execute(Command commandToExecute)
   --- End of inner exception stack trace ---
   at OpenQA.Selenium.Remote.HttpCommandExecutor.Execute(Command commandToExecute)
   at OpenQA.Selenium.Remote.DriverServiceCommandExecutor.Execute(Command commandToExecute)
   at OpenQA.Selenium.WebDriver.Execute(String driverCommandToExecute, Dictionary`2 parameters)
   at OpenQA.Selenium.Chromium.ChromiumDriver.ExecuteCdpCommand(String commandName, Dictionary`2 commandParameters)
   at ConsummerScreenPageBot.Program.SetupDesktopDevice(IWebDriver driver) in F:\PROJECT\CAPTURE_FULL_PAGE_C#_SELELIUM\CONSUM_SCREEN_PAGE_BY_SE_C__GIT\CONSUMMER_Capture_FullPage_By_Selelium_C-\ConsummerScreenPageBot\Program.cs:line 445
[2025-11-09 20:13:02] [ProcessDevice] 1 - https://znews.vn/ => OpenQA.Selenium.WebDriverException: An unknown exception was encountered sending an HTTP request to the remote WebDriver server for URL http://localhost:61449/session/132a1ecb420f6305e8467d516c59ccd4/url. The exception message was: No connection could be made because the target machine actively refused it. (localhost:61449)
 ---> System.Net.Http.HttpRequestException: No connection could be made because the target machine actively refused it. (localhost:61449)
 ---> System.Net.Sockets.SocketException (10061): No connection could be made because the target machine actively refused it.
   at System.Net.Sockets.Socket.AwaitableSocketAsyncEventArgs.System.Threading.Tasks.Sources.IValueTaskSource.GetResult(Int16 token)
   at System.Net.Sockets.Socket.<ConnectAsync>g__WaitForConnectWithCancellation|285_0(AwaitableSocketAsyncEventArgs saea, ValueTask connectTask, CancellationToken cancellationToken)
   at System.Net.Http.HttpConnectionPool.ConnectToTcpHostAsync(String host, Int32 port, HttpRequestMessage initialRequest, Boolean async, CancellationToken cancellationToken)
   --- End of inner exception stack trace ---
   at System.Net.Http.HttpConnectionPool.ConnectToTcpHostAsync(String host, Int32 port, HttpRequestMessage initialRequest, Boolean async, CancellationToken cancellationToken)
   at System.Net.Http.HttpConnectionPool.ConnectAsync(HttpRequestMessage request, Boolean async, CancellationToken cancellationToken)
   at System.Net.Http.HttpConnectionPool.CreateHttp11ConnectionAsync(HttpRequestMessage request, Boolean async, CancellationToken cancellationToken)
   at System.Net.Http.HttpConnectionPool.AddHttp11ConnectionAsync(QueueItem queueItem)
   at System.Threading.Tasks.TaskCompletionSourceWithCancellation`1.WaitWithCancellationAsync(CancellationToken cancellationToken)
   at System.Net.Http.HttpConnectionPool.SendWithVersionDetectionAndRetryAsync(HttpRequestMessage request, Boolean async, Boolean doRequestAuth, CancellationToken cancellationToken)
   at System.Net.Http.RedirectHandler.SendAsync(HttpRequestMessage request, Boolean async, CancellationToken cancellationToken)
   at System.Net.Http.HttpClient.<SendAsync>g__Core|83_0(HttpRequestMessage request, HttpCompletionOption completionOption, CancellationTokenSource cts, Boolean disposeCts, CancellationTokenSource pendingRequestsCts, CancellationToken originalCancellationToken)
   at OpenQA.Selenium.Remote.HttpCommandExecutor.MakeHttpRequest(HttpRequestInfo requestInfo)
   at OpenQA.Selenium.Remote.HttpCommandExecutor.<>c__DisplayClass32_0.<<Execute>b__0>d.MoveNext()
--- End of stack trace from previous location ---
   at OpenQA.Selenium.Remote.HttpCommandExecutor.Execute(Command commandToExecute)
   --- End of inner exception stack trace ---
   at OpenQA.Selenium.Remote.HttpCommandExecutor.Execute(Command commandToExecute)
   at OpenQA.Selenium.Remote.DriverServiceCommandExecutor.Execute(Command commandToExecute)
   at OpenQA.Selenium.WebDriver.Execute(String driverCommandToExecute, Dictionary`2 parameters)
   at OpenQA.Selenium.WebDriver.get_Url()
   at ConsummerScreenPageBot.Program.TryNavigate(IWebDriver driver, String url, TimeSpan timeout, String& failureReason) in F:\PROJECT\CAPTURE_FULL_PAGE_C#_SELELIUM\CONSUM_SCREEN_PAGE_BY_SE_C__GIT\CONSUMMER_Capture_FullPage_By_Selelium_C-\ConsummerScreenPageBot\Program.cs:line 2091
   at ConsummerScreenPageBot.Program.<>c__DisplayClass18_1.<Main>b__0(Object sender, BasicDeliverEventArgs ea) in F:\PROJECT\CAPTURE_FULL_PAGE_C#_SELELIUM\CONSUM_SCREEN_PAGE_BY_SE_C__GIT\CONSUMMER_Capture_FullPage_By_Selelium_C-\ConsummerScreenPageBot\Program.cs:line 292
[2025-11-09 20:13:07] [SetupMobileDevice] OpenQA.Selenium.WebDriverException: An unknown exception was encountered sending an HTTP request to the remote WebDriver server for URL http://localhost:61449/session/132a1ecb420f6305e8467d516c59ccd4/goog/cdp/execute. The exception message was: No connection could be made because the target machine actively refused it. (localhost:61449)
 ---> System.Net.Http.HttpRequestException: No connection could be made because the target machine actively refused it. (localhost:61449)
 ---> System.Net.Sockets.SocketException (10061): No connection could be made because the target machine actively refused it.
   at System.Net.Sockets.Socket.AwaitableSocketAsyncEventArgs.System.Threading.Tasks.Sources.IValueTaskSource.GetResult(Int16 token)
   at System.Net.Sockets.Socket.<ConnectAsync>g__WaitForConnectWithCancellation|285_0(AwaitableSocketAsyncEventArgs saea, ValueTask connectTask, CancellationToken cancellationToken)
   at System.Net.Http.HttpConnectionPool.ConnectToTcpHostAsync(String host, Int32 port, HttpRequestMessage initialRequest, Boolean async, CancellationToken cancellationToken)
   --- End of inner exception stack trace ---
   at System.Net.Http.HttpConnectionPool.ConnectToTcpHostAsync(String host, Int32 port, HttpRequestMessage initialRequest, Boolean async, CancellationToken cancellationToken)
   at System.Net.Http.HttpConnectionPool.ConnectAsync(HttpRequestMessage request, Boolean async, CancellationToken cancellationToken)
   at System.Net.Http.HttpConnectionPool.CreateHttp11ConnectionAsync(HttpRequestMessage request, Boolean async, CancellationToken cancellationToken)
   at System.Net.Http.HttpConnectionPool.AddHttp11ConnectionAsync(QueueItem queueItem)
   at System.Threading.Tasks.TaskCompletionSourceWithCancellation`1.WaitWithCancellationAsync(CancellationToken cancellationToken)
   at System.Net.Http.HttpConnectionPool.SendWithVersionDetectionAndRetryAsync(HttpRequestMessage request, Boolean async, Boolean doRequestAuth, CancellationToken cancellationToken)
   at System.Net.Http.RedirectHandler.SendAsync(HttpRequestMessage request, Boolean async, CancellationToken cancellationToken)
   at System.Net.Http.HttpClient.<SendAsync>g__Core|83_0(HttpRequestMessage request, HttpCompletionOption completionOption, CancellationTokenSource cts, Boolean disposeCts, CancellationTokenSource pendingRequestsCts, CancellationToken originalCancellationToken)
   at OpenQA.Selenium.Remote.HttpCommandExecutor.MakeHttpRequest(HttpRequestInfo requestInfo)
   at OpenQA.Selenium.Remote.HttpCommandExecutor.<>c__DisplayClass32_0.<<Execute>b__0>d.MoveNext()
--- End of stack trace from previous location ---
   at OpenQA.Selenium.Remote.HttpCommandExecutor.Execute(Command commandToExecute)
   --- End of inner exception stack trace ---
   at OpenQA.Selenium.Remote.HttpCommandExecutor.Execute(Command commandToExecute)
   at OpenQA.Selenium.Remote.DriverServiceCommandExecutor.Execute(Command commandToExecute)
   at OpenQA.Selenium.WebDriver.Execute(String driverCommandToExecute, Dictionary`2 parameters)
   at OpenQA.Selenium.Chromium.ChromiumDriver.ExecuteCdpCommand(String commandName, Dictionary`2 commandParameters)
   at ConsummerScreenPageBot.Program.SetupMobileDevice(IWebDriver driver) in F:\PROJECT\CAPTURE_FULL_PAGE_C#_SELELIUM\CONSUM_SCREEN_PAGE_BY_SE_C__GIT\CONSUMMER_Capture_FullPage_By_Selelium_C-\ConsummerScreenPageBot\Program.cs:line 401
[2025-11-09 20:14:19] [ProcessDevice] 2 - https://vnexpress.net/ => OpenQA.Selenium.WebDriverException: An unknown exception was encountered sending an HTTP request to the remote WebDriver server for URL http://localhost:61449/session/132a1ecb420f6305e8467d516c59ccd4/url. The exception message was: No connection could be made because the target machine actively refused it. (localhost:61449)
 ---> System.Net.Http.HttpRequestException: No connection could be made because the target machine actively refused it. (localhost:61449)
 ---> System.Net.Sockets.SocketException (10061): No connection could be made because the target machine actively refused it.
   at System.Net.Sockets.Socket.AwaitableSocketAsyncEventArgs.System.Threading.Tasks.Sources.IValueTaskSource.GetResult(Int16 token)
   at System.Net.Sockets.Socket.<ConnectAsync>g__WaitForConnectWithCancellation|285_0(AwaitableSocketAsyncEventArgs saea, ValueTask connectTask, CancellationToken cancellationToken)
   at System.Net.Http.HttpConnectionPool.ConnectToTcpHostAsync(String host, Int32 port, HttpRequestMessage initialRequest, Boolean async, CancellationToken cancellationToken)
   --- End of inner exception stack trace ---
   at System.Net.Http.HttpConnectionPool.ConnectToTcpHostAsync(String host, Int32 port, HttpRequestMessage initialRequest, Boolean async, CancellationToken cancellationToken)
   at System.Net.Http.HttpConnectionPool.ConnectAsync(HttpRequestMessage request, Boolean async, CancellationToken cancellationToken)
   at System.Net.Http.HttpConnectionPool.CreateHttp11ConnectionAsync(HttpRequestMessage request, Boolean async, CancellationToken cancellationToken)
   at System.Net.Http.HttpConnectionPool.AddHttp11ConnectionAsync(QueueItem queueItem)
   at System.Threading.Tasks.TaskCompletionSourceWithCancellation`1.WaitWithCancellationAsync(CancellationToken cancellationToken)
   at System.Net.Http.HttpConnectionPool.SendWithVersionDetectionAndRetryAsync(HttpRequestMessage request, Boolean async, Boolean doRequestAuth, CancellationToken cancellationToken)
   at System.Net.Http.RedirectHandler.SendAsync(HttpRequestMessage request, Boolean async, CancellationToken cancellationToken)
   at System.Net.Http.HttpClient.<SendAsync>g__Core|83_0(HttpRequestMessage request, HttpCompletionOption completionOption, CancellationTokenSource cts, Boolean disposeCts, CancellationTokenSource pendingRequestsCts, CancellationToken originalCancellationToken)
   at OpenQA.Selenium.Remote.HttpCommandExecutor.MakeHttpRequest(HttpRequestInfo requestInfo)
   at OpenQA.Selenium.Remote.HttpCommandExecutor.<>c__DisplayClass32_0.<<Execute>b__0>d.MoveNext()
--- End of stack trace from previous location ---
   at OpenQA.Selenium.Remote.HttpCommandExecutor.Execute(Command commandToExecute)
   --- End of inner exception stack trace ---
   at OpenQA.Selenium.Remote.HttpCommandExecutor.Execute(Command commandToExecute)
   at OpenQA.Selenium.Remote.DriverServiceCommandExecutor.Execute(Command commandToExecute)
   at OpenQA.Selenium.WebDriver.Execute(String driverCommandToExecute, Dictionary`2 parameters)
   at OpenQA.Selenium.WebDriver.get_Url()
   at ConsummerScreenPageBot.Program.TryNavigate(IWebDriver driver, String url, TimeSpan timeout, String& failureReason) in F:\PROJECT\CAPTURE_FULL_PAGE_C#_SELELIUM\CONSUM_SCREEN_PAGE_BY_SE_C__GIT\CONSUMMER_Capture_FullPage_By_Selelium_C-\ConsummerScreenPageBot\Program.cs:line 2091
   at ConsummerScreenPageBot.Program.<>c__DisplayClass18_1.<Main>b__0(Object sender, BasicDeliverEventArgs ea) in F:\PROJECT\CAPTURE_FULL_PAGE_C#_SELELIUM\CONSUM_SCREEN_PAGE_BY_SE_C__GIT\CONSUMMER_Capture_FullPage_By_Selelium_C-\ConsummerScreenPageBot\Program.cs:line 292
[2025-11-09 20:14:26] [SetupMobileDevice] OpenQA.Selenium.WebDriverException: An unknown exception was encountered sending an HTTP request to the remote WebDriver server for URL http://localhost:61449/session/132a1ecb420f6305e8467d516c59ccd4/goog/cdp/execute. The exception message was: No connection could be made because the target machine actively refused it. (localhost:61449)
 ---> System.Net.Http.HttpRequestException: No connection could be made because the target machine actively refused it. (localhost:61449)
 ---> System.Net.Sockets.SocketException (10061): No connection could be made because the target machine actively refused it.
   at System.Net.Sockets.Socket.AwaitableSocketAsyncEventArgs.System.Threading.Tasks.Sources.IValueTaskSource.GetResult(Int16 token)
   at System.Net.Sockets.Socket.<ConnectAsync>g__WaitForConnectWithCancellation|285_0(AwaitableSocketAsyncEventArgs saea, ValueTask connectTask, CancellationToken cancellationToken)
   at System.Net.Http.HttpConnectionPool.ConnectToTcpHostAsync(String host, Int32 port, HttpRequestMessage initialRequest, Boolean async, CancellationToken cancellationToken)
   --- End of inner exception stack trace ---
   at System.Net.Http.HttpConnectionPool.ConnectToTcpHostAsync(String host, Int32 port, HttpRequestMessage initialRequest, Boolean async, CancellationToken cancellationToken)
   at System.Net.Http.HttpConnectionPool.ConnectAsync(HttpRequestMessage request, Boolean async, CancellationToken cancellationToken)
   at System.Net.Http.HttpConnectionPool.CreateHttp11ConnectionAsync(HttpRequestMessage request, Boolean async, CancellationToken cancellationToken)
   at System.Net.Http.HttpConnectionPool.AddHttp11ConnectionAsync(QueueItem queueItem)
   at System.Threading.Tasks.TaskCompletionSourceWithCancellation`1.WaitWithCancellationAsync(CancellationToken cancellationToken)
   at System.Net.Http.HttpConnectionPool.SendWithVersionDetectionAndRetryAsync(HttpRequestMessage request, Boolean async, Boolean doRequestAuth, CancellationToken cancellationToken)
   at System.Net.Http.RedirectHandler.SendAsync(HttpRequestMessage request, Boolean async, CancellationToken cancellationToken)
   at System.Net.Http.HttpClient.<SendAsync>g__Core|83_0(HttpRequestMessage request, HttpCompletionOption completionOption, CancellationTokenSource cts, Boolean disposeCts, CancellationTokenSource pendingRequestsCts, CancellationToken originalCancellationToken)
   at OpenQA.Selenium.Remote.HttpCommandExecutor.MakeHttpRequest(HttpRequestInfo requestInfo)
   at OpenQA.Selenium.Remote.HttpCommandExecutor.<>c__DisplayClass32_0.<<Execute>b__0>d.MoveNext()
--- End of stack trace from previous location ---
   at OpenQA.Selenium.Remote.HttpCommandExecutor.Execute(Command commandToExecute)
   --- End of inner exception stack trace ---
   at OpenQA.Selenium.Remote.HttpCommandExecutor.Execute(Command commandToExecute)
   at OpenQA.Selenium.Remote.DriverServiceCommandExecutor.Execute(Command commandToExecute)
   at OpenQA.Selenium.WebDriver.Execute(String driverCommandToExecute, Dictionary`2 parameters)
   at OpenQA.Selenium.Chromium.ChromiumDriver.ExecuteCdpCommand(String commandName, Dictionary`2 commandParameters)
   at ConsummerScreenPageBot.Program.SetupMobileDevice(IWebDriver driver) in F:\PROJECT\CAPTURE_FULL_PAGE_C#_SELELIUM\CONSUM_SCREEN_PAGE_BY_SE_C__GIT\CONSUMMER_Capture_FullPage_By_Selelium_C-\ConsummerScreenPageBot\Program.cs:line 401
[2025-11-09 20:15:38] [ProcessDevice] 2 - https://tuoitre.vn/ => OpenQA.Selenium.WebDriverException: An unknown exception was encountered sending an HTTP request to the remote WebDriver server for URL http://localhost:61449/session/132a1ecb420f6305e8467d516c59ccd4/url. The exception message was: No connection could be made because the target machine actively refused it. (localhost:61449)
 ---> System.Net.Http.HttpRequestException: No connection could be made because the target machine actively refused it. (localhost:61449)
 ---> System.Net.Sockets.SocketException (10061): No connection could be made because the target machine actively refused it.
   at System.Net.Sockets.Socket.AwaitableSocketAsyncEventArgs.System.Threading.Tasks.Sources.IValueTaskSource.GetResult(Int16 token)
   at System.Net.Sockets.Socket.<ConnectAsync>g__WaitForConnectWithCancellation|285_0(AwaitableSocketAsyncEventArgs saea, ValueTask connectTask, CancellationToken cancellationToken)
   at System.Net.Http.HttpConnectionPool.ConnectToTcpHostAsync(String host, Int32 port, HttpRequestMessage initialRequest, Boolean async, CancellationToken cancellationToken)
   --- End of inner exception stack trace ---
   at System.Net.Http.HttpConnectionPool.ConnectToTcpHostAsync(String host, Int32 port, HttpRequestMessage initialRequest, Boolean async, CancellationToken cancellationToken)
   at System.Net.Http.HttpConnectionPool.ConnectAsync(HttpRequestMessage request, Boolean async, CancellationToken cancellationToken)
   at System.Net.Http.HttpConnectionPool.CreateHttp11ConnectionAsync(HttpRequestMessage request, Boolean async, CancellationToken cancellationToken)
   at System.Net.Http.HttpConnectionPool.AddHttp11ConnectionAsync(QueueItem queueItem)
   at System.Threading.Tasks.TaskCompletionSourceWithCancellation`1.WaitWithCancellationAsync(CancellationToken cancellationToken)
   at System.Net.Http.HttpConnectionPool.SendWithVersionDetectionAndRetryAsync(HttpRequestMessage request, Boolean async, Boolean doRequestAuth, CancellationToken cancellationToken)
   at System.Net.Http.RedirectHandler.SendAsync(HttpRequestMessage request, Boolean async, CancellationToken cancellationToken)
   at System.Net.Http.HttpClient.<SendAsync>g__Core|83_0(HttpRequestMessage request, HttpCompletionOption completionOption, CancellationTokenSource cts, Boolean disposeCts, CancellationTokenSource pendingRequestsCts, CancellationToken originalCancellationToken)
   at OpenQA.Selenium.Remote.HttpCommandExecutor.MakeHttpRequest(HttpRequestInfo requestInfo)
   at OpenQA.Selenium.Remote.HttpCommandExecutor.<>c__DisplayClass32_0.<<Execute>b__0>d.MoveNext()
--- End of stack trace from previous location ---
   at OpenQA.Selenium.Remote.HttpCommandExecutor.Execute(Command commandToExecute)
   --- End of inner exception stack trace ---
   at OpenQA.Selenium.Remote.HttpCommandExecutor.Execute(Command commandToExecute)
   at OpenQA.Selenium.Remote.DriverServiceCommandExecutor.Execute(Command commandToExecute)
   at OpenQA.Selenium.WebDriver.Execute(String driverCommandToExecute, Dictionary`2 parameters)
   at OpenQA.Selenium.WebDriver.get_Url()
   at ConsummerScreenPageBot.Program.TryNavigate(IWebDriver driver, String url, TimeSpan timeout, String& failureReason) in F:\PROJECT\CAPTURE_FULL_PAGE_C#_SELELIUM\CONSUM_SCREEN_PAGE_BY_SE_C__GIT\CONSUMMER_Capture_FullPage_By_Selelium_C-\ConsummerScreenPageBot\Program.cs:line 2091
   at ConsummerScreenPageBot.Program.<>c__DisplayClass18_1.<Main>b__0(Object sender, BasicDeliverEventArgs ea) in F:\PROJECT\CAPTURE_FULL_PAGE_C#_SELELIUM\CONSUM_SCREEN_PAGE_BY_SE_C__GIT\CONSUMMER_Capture_FullPage_By_Selelium_C-\ConsummerScreenPageBot\Program.cs:line 292
[2025-11-09 20:15:43] [SetupMobileDevice] OpenQA.Selenium.WebDriverException: An unknown exception was encountered sending an HTTP request to the remote WebDriver server for URL http://localhost:61449/session/132a1ecb420f6305e8467d516c59ccd4/goog/cdp/execute. The exception message was: No connection could be made because the target machine actively refused it. (localhost:61449)
 ---> System.Net.Http.HttpRequestException: No connection could be made because the target machine actively refused it. (localhost:61449)
 ---> System.Net.Sockets.SocketException (10061): No connection could be made because the target machine actively refused it.
   at System.Net.Sockets.Socket.AwaitableSocketAsyncEventArgs.System.Threading.Tasks.Sources.IValueTaskSource.GetResult(Int16 token)
   at System.Net.Sockets.Socket.<ConnectAsync>g__WaitForConnectWithCancellation|285_0(AwaitableSocketAsyncEventArgs saea, ValueTask connectTask, CancellationToken cancellationToken)
   at System.Net.Http.HttpConnectionPool.ConnectToTcpHostAsync(String host, Int32 port, HttpRequestMessage initialRequest, Boolean async, CancellationToken cancellationToken)
   --- End of inner exception stack trace ---
   at System.Net.Http.HttpConnectionPool.ConnectToTcpHostAsync(String host, Int32 port, HttpRequestMessage initialRequest, Boolean async, CancellationToken cancellationToken)
   at System.Net.Http.HttpConnectionPool.ConnectAsync(HttpRequestMessage request, Boolean async, CancellationToken cancellationToken)
   at System.Net.Http.HttpConnectionPool.CreateHttp11ConnectionAsync(HttpRequestMessage request, Boolean async, CancellationToken cancellationToken)
   at System.Net.Http.HttpConnectionPool.AddHttp11ConnectionAsync(QueueItem queueItem)
   at System.Threading.Tasks.TaskCompletionSourceWithCancellation`1.WaitWithCancellationAsync(CancellationToken cancellationToken)
   at System.Net.Http.HttpConnectionPool.SendWithVersionDetectionAndRetryAsync(HttpRequestMessage request, Boolean async, Boolean doRequestAuth, CancellationToken cancellationToken)
   at System.Net.Http.RedirectHandler.SendAsync(HttpRequestMessage request, Boolean async, CancellationToken cancellationToken)
   at System.Net.Http.HttpClient.<SendAsync>g__Core|83_0(HttpRequestMessage request, HttpCompletionOption completionOption, CancellationTokenSource cts, Boolean disposeCts, CancellationTokenSource pendingRequestsCts, CancellationToken originalCancellationToken)
   at OpenQA.Selenium.Remote.HttpCommandExecutor.MakeHttpRequest(HttpRequestInfo requestInfo)
   at OpenQA.Selenium.Remote.HttpCommandExecutor.<>c__DisplayClass32_0.<<Execute>b__0>d.MoveNext()
--- End of stack trace from previous location ---
   at OpenQA.Selenium.Remote.HttpCommandExecutor.Execute(Command commandToExecute)
   --- End of inner exception stack trace ---
   at OpenQA.Selenium.Remote.HttpCommandExecutor.Execute(Command commandToExecute)
   at OpenQA.Selenium.Remote.DriverServiceCommandExecutor.Execute(Command commandToExecute)
   at OpenQA.Selenium.WebDriver.Execute(String driverCommandToExecute, Dictionary`2 parameters)
   at OpenQA.Selenium.Chromium.ChromiumDriver.ExecuteCdpCommand(String commandName, Dictionary`2 commandParameters)
   at ConsummerScreenPageBot.Program.SetupMobileDevice(IWebDriver driver) in F:\PROJECT\CAPTURE_FULL_PAGE_C#_SELELIUM\CONSUM_SCREEN_PAGE_BY_SE_C__GIT\CONSUMMER_Capture_FullPage_By_Selelium_C-\ConsummerScreenPageBot\Program.cs:line 401
[2025-11-09 20:16:54] [ProcessDevice] 2 - https://dantri.com.vn/ => OpenQA.Selenium.WebDriverException: An unknown exception was encountered sending an HTTP request to the remote WebDriver server for URL http://localhost:61449/session/132a1ecb420f6305e8467d516c59ccd4/url. The exception message was: No connection could be made because the target machine actively refused it. (localhost:61449)
 ---> System.Net.Http.HttpRequestException: No connection could be made because the target machine actively refused it. (localhost:61449)
 ---> System.Net.Sockets.SocketException (10061): No connection could be made because the target machine actively refused it.
   at System.Net.Sockets.Socket.AwaitableSocketAsyncEventArgs.System.Threading.Tasks.Sources.IValueTaskSource.GetResult(Int16 token)
   at System.Net.Sockets.Socket.<ConnectAsync>g__WaitForConnectWithCancellation|285_0(AwaitableSocketAsyncEventArgs saea, ValueTask connectTask, CancellationToken cancellationToken)
   at System.Net.Http.HttpConnectionPool.ConnectToTcpHostAsync(String host, Int32 port, HttpRequestMessage initialRequest, Boolean async, CancellationToken cancellationToken)
   --- End of inner exception stack trace ---
   at System.Net.Http.HttpConnectionPool.ConnectToTcpHostAsync(String host, Int32 port, HttpRequestMessage initialRequest, Boolean async, CancellationToken cancellationToken)
   at System.Net.Http.HttpConnectionPool.ConnectAsync(HttpRequestMessage request, Boolean async, CancellationToken cancellationToken)
   at System.Net.Http.HttpConnectionPool.CreateHttp11ConnectionAsync(HttpRequestMessage request, Boolean async, CancellationToken cancellationToken)
   at System.Net.Http.HttpConnectionPool.AddHttp11ConnectionAsync(QueueItem queueItem)
   at System.Threading.Tasks.TaskCompletionSourceWithCancellation`1.WaitWithCancellationAsync(CancellationToken cancellationToken)
   at System.Net.Http.HttpConnectionPool.SendWithVersionDetectionAndRetryAsync(HttpRequestMessage request, Boolean async, Boolean doRequestAuth, CancellationToken cancellationToken)
   at System.Net.Http.RedirectHandler.SendAsync(HttpRequestMessage request, Boolean async, CancellationToken cancellationToken)
   at System.Net.Http.HttpClient.<SendAsync>g__Core|83_0(HttpRequestMessage request, HttpCompletionOption completionOption, CancellationTokenSource cts, Boolean disposeCts, CancellationTokenSource pendingRequestsCts, CancellationToken originalCancellationToken)
   at OpenQA.Selenium.Remote.HttpCommandExecutor.MakeHttpRequest(HttpRequestInfo requestInfo)
   at OpenQA.Selenium.Remote.HttpCommandExecutor.<>c__DisplayClass32_0.<<Execute>b__0>d.MoveNext()
--- End of stack trace from previous location ---
   at OpenQA.Selenium.Remote.HttpCommandExecutor.Execute(Command commandToExecute)
   --- End of inner exception stack trace ---
   at OpenQA.Selenium.Remote.HttpCommandExecutor.Execute(Command commandToExecute)
   at OpenQA.Selenium.Remote.DriverServiceCommandExecutor.Execute(Command commandToExecute)
   at OpenQA.Selenium.WebDriver.Execute(String driverCommandToExecute, Dictionary`2 parameters)
   at OpenQA.Selenium.WebDriver.get_Url()
   at ConsummerScreenPageBot.Program.TryNavigate(IWebDriver driver, String url, TimeSpan timeout, String& failureReason) in F:\PROJECT\CAPTURE_FULL_PAGE_C#_SELELIUM\CONSUM_SCREEN_PAGE_BY_SE_C__GIT\CONSUMMER_Capture_FullPage_By_Selelium_C-\ConsummerScreenPageBot\Program.cs:line 2091
   at ConsummerScreenPageBot.Program.<>c__DisplayClass18_1.<Main>b__0(Object sender, BasicDeliverEventArgs ea) in F:\PROJECT\CAPTURE_FULL_PAGE_C#_SELELIUM\CONSUM_SCREEN_PAGE_BY_SE_C__GIT\CONSUMMER_Capture_FullPage_By_Selelium_C-\ConsummerScreenPageBot\Program.cs:line 292
